patient_id	SLC7A11	ABCC1	ABCC2	ABCC3	GGT1	GGT5	DPEP1	SLC1A4	SLC1A5
TCGA-86-8358	5.77002820732246	5.39825458885388	2.47645945878856	4.29900282050038	0.120750053334926	4.23208509872283	3.46573943621404	5.60620531294249	8.21038204529488
TCGA-86-A4D0	5.85764266834709	5.02630875131095	6.5233957229213	4.43166975629114	0.208392399790676	2.77848194751581	1.57898700333258	5.5698616828236	7.56011115807696
TCGA-73-4666	5.93444809225297	5.93343100548696	1.0797706277966	6.29639316379529	0.421802281157266	4.269721405202	0.421371433000894	2.99568349757459	7.13009584962702
TCGA-NJ-A4YQ	1.82285249145293	4.7174516055631	0.625925048499654	6.79674828648031	0.260146126508967	3.71956679369399	2.3593243747517	3.96298389430188	6.50858869659716
TCGA-86-7714	2.92780166119021	4.58741900097109	0.449957483628004	7.24730379268773	0.727441291363403	6.9494789049372	1.32992726217947	4.64218746960126	6.46887000298206
TCGA-91-8499	2.75670308634617	4.78685246979858	0.29018845733752	1.59459632011842	0.104068226463717	3.62282495538727	1.13487805434311	4.00261251788184	6.9858851887507
TCGA-55-7227	2.793583802285	4.65958210596396	0.397255345594427	7.12214361982949	0.139338513601429	5.24593674001195	2.33691175181291	4.40144615898487	6.47456745685566
TCGA-78-7158	2.74646326327429	4.73674015545321	0.67771118626068	3.90494645693941	0.747774071742705	3.07184845974646	2.2968097783911	3.66210293474907	8.00109569391683
TCGA-62-A46Y	1.320715721785	4.62813782959442	0.360982241368626	7.29669783650952	0.135666196969044	4.61449784069632	1.58298946895292	4.19002217480265	6.85853185021074
TCGA-97-A4M3	6.77787073379607	6.03212068449661	0.823178690095637	6.96863914847448	0.175939705406043	4.13857694846446	2.40648224839257	3.77630405599415	7.4439927991782
TCGA-L9-A7SV	0.910502426238799	5.08923541811619	0.393306360352653	8.18158562159876	2.2050483772943	2.12614690155444	0.706817847339762	3.76150868228585	7.41794616047202
TCGA-49-AAR3	5.47625854122544	5.24226713371412	1.57985595135068	4.99592766120085	0.387362540835996	5.152219932247	0.768332557385821	3.26464151421962	6.04353917857297
TCGA-73-4662	1.10238938548844	4.85211372861074	0.273098089178491	8.15900697418905	0.761966030736944	4.37008056273169	1.67074971148749	4.51712448580564	6.33468267993572
TCGA-97-A4M5	7.23933216096067	5.1714590527809	2.01592568999025	5.88687444900653	0.991027447000661	4.66329337830076	2.40012801480873	4.14638640226843	6.98027669857205
TCGA-97-7547	4.54383610157165	6.03863590804574	0.398788147633769	6.77846354916258	0.565889584403189	3.54384228661355	0.898247056081868	5.96462042605023	7.11176374501071
TCGA-44-6145	5.49608200370809	6.53218758481082	5.41789976026568	6.96188258266238	0.140909506541662	4.43626846471939	1.48717760838915	4.45332002643327	7.27218092853644
TCGA-35-5375	4.28845454178256	5.24523703761879	0.141825129700028	4.60805813624278	0	3.67467532235016	0.979659551715825	2.46803584917242	7.98023613498684
TCGA-49-4486	3.57572377898527	3.27282943922131	0.055889758196283	5.94046042886366	0.0878701329410572	2.30261150889447	0.248899107076326	1.9324013894893	6.18971585858338
TCGA-62-8399	0.857662572118855	5.72544397215671	0.472695712518291	6.02789494139311	0.874521578600167	4.46901332460914	7.91312816929031	2.87056199772413	7.14005671873355
TCGA-80-5611	5.30785107094549	5.21740134747869	0.170694233687083	5.87172785378914	0.124328135002202	4.8527279931099	0.781989115864704	4.00212640734513	7.75386122074663
TCGA-86-8281	5.30216183030245	4.50968317554731	0.733180772875301	7.28638679962438	0.730400845399368	3.91460279075939	2.77336342532437	3.51451366043187	7.79028137036174
TCGA-69-A59K	4.32601954169512	5.82890825448023	0.467383830757731	7.21998452583507	0.39539189392821	3.72395167234112	1.81545246665892	4.27173940125722	6.31755913710558
TCGA-44-3918	2.1178675922734	4.56406624357808	0.776024134183952	5.27288549798846	0.744516916711084	2.10831831120264	0.119290722157049	4.40286871303953	5.0243148818877
TCGA-44-4112	3.25805677431401	4.33072189148264	0.83576988232956	5.81058535411905	0.425456165246326	3.54076362392466	0.950554980943549	3.93970345758036	6.28074232262159
TCGA-MP-A4T9	1.88600379018266	5.26592816288096	0.535953400599432	6.06232250408659	1.28924428515664	4.67437025430211	2.19203631255154	4.55457043417658	6.93425110243425
TCGA-67-3772	1.47071906135082	4.3453183053655	0.197488002405981	5.55210650966316	0.838830781162876	4.94728743470519	4.59278590435097	4.25249892164341	6.40723206825573
TCGA-44-8117	0.672832633662213	4.68549729529204	0.289008145530796	7.82761200334593	1.7074364418968	4.04684025420297	1.19370867338242	4.71366832420338	7.65389981565073
TCGA-55-8208	4.99406373724062	5.26374806277637	3.87533775224191	5.89935208875362	0.59569460683892	4.73063452202693	1.76655276007631	4.65712548179812	6.25231346653318
TCGA-75-5122	3.87119310655442	5.31420346018915	0.323312417757903	5.9082773206627	0.349252031780671	5.08525467745532	0.781905211416113	5.13502996949035	7.59208846757303
TCGA-49-AAR4	1.32803219030386	4.17936772907588	1.11523304836736	5.2685317078302	0.731009412420729	3.77878680035692	1.43690805171415	3.98658386624867	6.44855245592838
TCGA-69-7761	2.90694830225603	5.2082011869482	1.82423832660371	7.77807187141173	1.01927491314477	3.78351951551974	2.90540866784672	4.08892177125151	6.28494529308223
TCGA-50-6595	2.75516532778899	5.7932222249046	0.399553938384354	4.24921776871517	0.176195094863408	6.15121751248744	1.34289603673962	4.50247700262652	7.81398507770851
TCGA-44-6148	0.83244448164531	5.08505492677437	0.423954594014897	5.239860076055	0.342213373458323	6.08441936564656	0.632454357689422	4.10327102059023	6.55306247123562
TCGA-MP-A4TF	3.91575033698668	4.69896297459773	1.84120830798931	5.50251837410449	0.179128828772152	4.57723544862026	0.979732708838676	4.28162407363973	6.05928388529047
TCGA-97-8174	2.90602471879496	4.65792577227638	1.02219023963407	7.48881944795646	0.633291700463903	5.58466792041088	1.82790030092172	3.9108957232706	6.73557362383752
TCGA-99-8025	1.98243691776705	5.0512633299005	0.547449829143966	7.80064756795972	0.477262849349172	5.06260097601177	0.871922482149997	4.49587420940839	6.74548206388542
TCGA-MP-A4SY	4.10105331156447	5.39011735366633	1.60677384404868	7.46281388560956	0.541911265935905	4.48630248336204	1.49656461035923	4.47730171174079	6.38507549676219
TCGA-75-5126	2.94762875656941	5.11511649856798	0.436694887552877	5.28188367456292	0.212008960113565	3.62374983122673	1.06812045252924	4.14149818813431	6.37641194583493
TCGA-69-7760	2.66095142826012	4.53290912831627	1.20106921784666	6.24506015692539	0.355918371512278	2.90133998264089	0.485632911741821	4.48589047606523	5.99309689648511
TCGA-49-AARN	3.48626386267591	4.55998119415983	0.687329488460079	7.43206161805116	0.492417240075858	5.20706509433794	3.48552987313585	5.04733334677762	6.63296176402414
TCGA-91-6849	5.79576435076277	5.47487404205365	0.219338922698467	6.89362067856141	0.372060582332161	5.55803186029579	2.30240679455773	4.0568262691288	7.63796592071437
TCGA-49-AAQV	2.03224193113749	4.22984167940103	0.328606717427416	5.95397756262035	0.869239718776284	3.34120300803213	0.96738997597654	5.69691468438797	6.22046152514439
TCGA-05-4389	5.924859998957	6.03303749716296	7.42560784341297	6.13372790733314	0.625644559524164	4.577374442695	4.2284570096064	5.12434054344976	8.14715607094966
TCGA-86-7701	4.04601078038481	4.8365099238614	0.729444006833663	2.75612661895056	0.0806576633452252	3.69445679159016	2.28101568277577	5.59869570566931	6.61213424955305
TCGA-95-A4VP	2.95557319421175	4.59672647305569	0.601316184298991	2.80578771651903	0.201884742839857	4.08392815506236	1.78295366645629	4.79232439285756	7.45693014603691
TCGA-55-A490	0.329181015847041	5.47110615201822	0.765704465208051	6.40201607113133	0.366811773127127	4.00371016494035	0.633012640201731	5.0023109685962	6.18257114100075
TCGA-69-7980	2.2861418728343	5.22185775223586	0.928730359611043	7.12631626080562	0.455964988917518	4.43492174035228	1.86580006933293	4.06206989003452	7.58815018784501
TCGA-69-7765	1.424975818869	4.76473892302338	0.379288249971929	6.16877038350082	0.586404474895063	3.64114137036725	2.27202318906105	4.58949385515879	7.02360577993529
TCGA-95-7944	1.13658515284763	4.99645654067431	0.207892851641333	5.86583965215866	0.306262239727851	3.98605590667201	0.513288602524751	3.35639738667659	7.57258806513937
TCGA-44-2668	2.98053519813926	5.41943932632804	0.902035521534674	4.83447164079871	0.491967748202446	3.64219086797532	0.70676883661501	3.38066244633529	4.5091469593902
TCGA-05-4390	3.8862574817303	4.98029040994857	0.184978459693331	4.38706608507923	0.0932897300014767	4.0729204101033	1.7290959081371	4.89554498925339	6.3964386690447
TCGA-86-8073	7.35980928709985	6.12547753143706	0.714223533574192	8.269999047094	0.475499987264951	3.91699248288407	2.10738657903081	3.67844380199009	7.5693680468929
TCGA-97-A4M7	1.60454581636871	5.31534160683551	1.06715682030961	7.055415851505	0.907967405946532	4.52506659207821	1.95802599935432	4.6096485996724	6.23021262207697
TCGA-38-4628	0.146394549060505	3.66136197163937	0.0501882233114782	5.55688612505013	0.634593268445757	3.97876307576579	1.70420799495431	4.95870814113726	7.00759806302052
TCGA-86-7713	3.38078485047513	5.70501578424714	0.34289603673962	2.49848065905585	1.72648248726505	3.64717633580774	1.1971105147127	5.01135250722991	7.98638874852522
TCGA-49-AARE	5.05007936219258	5.39860347653994	1.48969706149497	6.63084226794964	0.697862762253706	3.59226566191728	0.782492440107821	3.85268804889851	7.04350199573928
TCGA-53-7626	0.951960728781129	5.34356416501289	0.268194822828425	5.67933934190341	0.358846330605099	5.8978043219756	2.42304025336151	4.31505896631662	6.70233062844557
TCGA-50-8457	2.10097764772482	5.71583298250504	0.330443668229009	7.48499121564347	0.418459837580991	5.18668278463469	2.31733301460124	4.01648740553944	6.22713841535833
TCGA-MN-A4N4	2.91872969237938	5.38816197824834	0.76256143004889	5.80935784667264	0.439889047619779	5.11471266393857	2.15901555476292	3.76361341017238	6.21311977684238
TCGA-91-6840	0.914641057009826	5.13765516270233	1.17274351676019	5.52316672893615	0.722903138560449	3.54108112323906	2.34039135722008	3.70267970443485	7.19094764509222
TCGA-44-2662	3.78524642663977	5.83819790245385	0.82702215973428	5.79506863356048	0.567865560362329	3.25544328881186	0.348950360663966	3.45154601704639	4.89633244441099
TCGA-78-7536	2.38291621027316	4.26566192452189	0.184597684155761	2.34593565289933	0.145742660277606	2.7594541446196	0.703898037913503	4.49932291498816	6.92100422883109
TCGA-55-7728	2.98305743962244	4.42699598219477	1.01278318469829	6.81824343190267	1.31411643114067	4.15057592304968	0.437653878346192	3.85077942444181	6.03046188931308
TCGA-50-5932	1.36793014143188	5.30237023536922	0.847195186589395	6.42779722336858	0.324925784055321	3.68528983630269	0.853995647176393	4.01966633582775	7.15413253948975
TCGA-55-1596	2.2920160344067	5.37864686957424	5.68131432260132	4.04167229187376	1.14110576043013	3.36207707435258	0.70549139374708	4.32467381447192	6.91454538948057
TCGA-44-6147	1.68549623253245	5.12104015021896	0.945409360943918	5.55877584529102	0.428221172794699	3.59836747217208	1.65183291528315	4.69192161654091	5.75613938898125
TCGA-50-6597	0.569199412534421	3.74789220087971	0.165429620424185	5.9678418311083	0.334682679935721	5.17834814530773	0.791188941503361	4.31875789870807	6.99621924694195
TCGA-44-7661	2.50296701931903	5.45460034638924	0.493339908813507	7.16828701381319	0.434668255614352	5.26169252642702	0.623398682377264	3.88098911549048	6.60648368429003
TCGA-05-4384	5.37913573128663	5.74119999569929	3.6394174091459	7.70224196077508	0.679513879286544	3.61045203331816	0.972104429118326	3.8061693641389	6.6534771112745
TCGA-44-2659	2.24156564887517	4.28725803219877	0.484086559411609	6.5875915194813	0.748547105153157	3.29971356006424	2.71927107305431	4.50956283933283	7.3753288104244
TCGA-55-8511	4.85485841211535	4.90574560330239	0.757620688778619	5.67093378632604	0.149519521490029	4.96542414303234	3.13660155745554	3.66650665455969	6.90082093075629
TCGA-44-6776	5.54120195728907	4.66436905866654	0.602646908505373	7.48922981680437	0.343578377146895	3.80550915317289	0.700528496642759	3.16177484148042	8.1914555618342
TCGA-80-5607	6.65009531963252	4.46015278588095	0.57898700333258	6.08539703606084	0.0419438299701673	4.08393666229646	1.80644780004939	3.66551784164066	7.01837601829282
TCGA-50-5072	6.00980622813458	5.80570002645171	6.28007291219717	5.72015531643263	0.735868729073579	4.50522403715139	1.94624426614367	4.02076886509457	7.70061518912605
TCGA-05-4396	4.5225266077605	3.78909278130159	1.24013111833075	6.2048097805049	0.0439043942956211	3.39969064396858	1.47378691161437	4.13971505318654	6.8886860269475
TCGA-95-7948	1.20363969401399	5.98033382844787	0.728921827287314	5.89373351617708	0.551786689812224	5.17275551570426	0.949273450026609	4.24440760294589	7.84732800224672
TCGA-95-7562	2.11706330977396	5.17111072996542	0.136716384488312	3.08409829021367	1.15224833075742	3.61516907800916	0.273456211320305	4.86074930688452	7.81809065079683
TCGA-55-8090	4.57418024244608	4.92135063491794	0.657822902652401	7.36570128459438	0.615604626359266	5.14158401746735	0.603976406399121	4.52993960487734	7.30180344944646
TCGA-73-7498	2.51996956730501	4.83464043424443	0.511265612582551	7.86274086837674	0.825541427101827	6.56607535487965	1.07224303010488	4.23575003250613	7.16494512994098
TCGA-55-7725	1.31684084952959	4.30402908949208	0.540424104644658	5.60409208598921	0.358171174969554	3.83382113779058	0	4.28917049567547	6.64378261045135
TCGA-05-5420	2.35625651637282	3.12136359567356	4.08743738170145	2.44916515681218	0.229341813043554	3.14828336250318	1.80875571696419	3.28776777797538	4.97522204357219
TCGA-38-4629	2.69695083954454	4.70524807824265	0.187514398192816	5.24897498527954	0.400100683015481	4.01654980488008	1.63231475329861	3.64625483919945	6.7654405968315
TCGA-67-3770	2.5242392364663	3.85728435349115	0.643486812561956	6.6711702172364	1.13586316536868	3.71097720563006	1.25827770161315	4.22121202012669	6.29802406478
TCGA-73-4676	5.26604814157393	4.60948904121797	6.14940977390248	7.93330529475289	0.463308565918163	2.85313735752473	1.08392815506236	5.17579203774978	6.80323349547778
TCGA-55-7914	2.3723113767771	3.68117936726462	1.10889240163241	6.70597237410473	0.978415312707362	4.19323556036863	2.07289469262091	4.83877028446339	7.05139385510107
TCGA-97-8172	1.96080822538898	5.18681745935711	0.690819340159926	6.55096836632454	1.02297139913482	4.28577209324984	2.756681739809	4.34607044078517	7.85277729772076
TCGA-55-1595	3.30221667665993	4.28887530000389	0.349704961708538	5.62028435121244	0.438825113175625	4.4921416064878	2.26621684473137	5.24687928053584	6.69328343253929
TCGA-44-6146	6.30521115930634	5.06263155528826	0.608228854312405	6.42413710527159	0.239823758199961	1.94172945971008	0.288668923124778	3.74325518633092	5.44642935292571
TCGA-73-4658	0.85949254539278	4.82958067811911	0.290070469601541	5.37105348236284	0.658554260650898	5.0621648953803	2.60176781760405	5.51974002880848	6.84513121433789
TCGA-38-4630	2.60093575182506	6.28570552285795	1.06577908536187	3.01934608880481	0.388685507495314	2.8308840334194	0.410883777195581	5.17829236603461	6.26107755126267
TCGA-05-4410	0.51853513898218	4.58580983517755	0.347779026702262	7.07931090326252	0.682303609517858	4.3783798325912	1.756681739809	4.2073697017803	6.21503591841946
TCGA-91-6836	3.81877899686651	5.56595049539191	0.187767747046025	5.05408439284238	0.364348306920093	2.82592805859012	0.205517632892707	4.75265226582228	7.48111969157206
TCGA-50-5939	7.13807720883638	7.05376192342744	2.64627788378955	7.06511019434119	0.0677763720484928	4.83464043424443	2.29848236641607	4.15777134362611	6.48997958280026
TCGA-64-1677	2.2023550284133	3.46400165063468	0.511670437570374	3.25447310795273	0.109561151953051	4.32627846814867	0.506195692264814	3.37130793730637	7.28215713215407
TCGA-78-7633	4.18067301861404	5.05036238401776	0.493134922305505	8.13679634791627	1.79995763533608	2.85907503850493	0.282973488621589	3.84440574051297	7.41433683309326
TCGA-38-6178	2.91968331339746	5.8608833630469	0.722903138560449	6.44701046955354	0.646162657157894	5.70351049794263	3.18127750867222	4.88531567122954	8.04118218954649
TCGA-55-7573	2.13211615953372	5.83779190230585	0.867105729502655	7.34114873423172	0.923111139231396	6.13227453595489	2.14169436196453	5.25921975048477	6.62905201897306
TCGA-05-4434	5.09134863688264	5.57103054656492	5.58019071871761	6.56312151331272	0.729705025748386	4.6665180162866	3.26491169307446	4.20328730817122	6.77911129272678
TCGA-J2-8194	5.54611349593855	6.35158592952674	3.97973270883868	7.21710563844654	1.64791310954396	5.01811781624391	1.64052838529594	4.84291850878334	7.19624998482018
TCGA-50-5935	1.0122826089523	4.99728337382588	0.449006639218204	6.7310311422101	0.766128674991133	4.44373261659108	2.11199946330466	4.83818535221088	6.91749381572148
TCGA-55-8621	1.70531444108638	4.94799804132762	0.880567989309217	5.40480096395117	0.518736548313917	4.13161417652396	2.50802291673761	4.87217373563446	6.71456974411599
TCGA-44-3917	4.71275332779773	4.19307984896973	1.50791507491879	4.69433213320538	0.668082463869717	2.04689803261699	0.560932702659974	4.22334597242433	5.28359728486956
TCGA-50-5051	4.8000612109983	4.66509142006756	1.73634510188322	5.55814822099296	0.132511039799195	3.8861501561352	0.745796658010383	4.86058047769939	7.16137277404393
TCGA-62-A471	6.80444728207323	6.20138881742539	7.26220104637301	7.06480742190264	1.13461524442511	3.61674584549788	0.270947487477059	2.48096303146462	7.07488965003616
TCGA-67-3773	1.02772025835593	3.09580629977967	0.32527127079596	6.04906002365287	0.380729448503549	3.66193197703627	2.14381787040733	2.55721400854701	6.61349334555573
TCGA-NJ-A7XG	3.35697481115534	4.65423502529769	0.485941983412419	8.2794517946142	1.35918378997451	4.61178616224466	0.241840183564671	3.87176481056067	7.28494436798448
TCGA-78-7540	5.0585459576454	4.7181314342072	0.21685835977496	6.45919388225401	0.502432447400349	4.21672646048452	1.23094077612394	3.1786031088104	5.71855890427908
TCGA-55-6986	5.91468410532839	5.18818330116079	0.27357556561538	7.52149601230335	0.111298453402541	5.43901800952038	0.637100124056332	4.48790433077649	7.7833027639204
TCGA-55-7576	1.09794783553483	4.40939772527486	0.405665674757457	6.7690351315694	0.586020089349356	4.67831421244583	1.50120982441117	4.91880600526175	7.76359017394758
TCGA-97-8177	1.04467388763215	4.77188029777715	0.499169814115249	5.50088807691933	0.799501814061595	4.96492995629173	2.9197023793898	4.38438142271224	7.2016818848656
TCGA-55-8615	3.43410776283887	4.26365793611375	0.562865167656164	5.02578627634951	0.666029381213045	3.81587254426144	2.12964570610481	5.25437862036699	7.64569445430709
TCGA-86-7954	2.22934181304355	6.1406641516325	1.30000654660916	6.51526617624277	1.08698752223885	5.15903978199015	2.10043947928031	5.28022884591475	7.50775341975152
TCGA-50-6592	5.97752035263819	7.15837439487628	5.43634176511432	7.38226001085012	0.633198686374004	4.63205877682427	1.86477053448485	3.9101953881869	8.02892381533022
TCGA-86-8674	5.19080841802698	5.54046130236645	0.322043505874256	6.53669326495085	0.302991615612752	4.03176570392836	0.904349215265259	3.90526424284493	8.21936409404993
TCGA-55-8619	1.21026416631309	4.94477881433816	0.513187520370855	6.11896805813376	0.443818796912493	4.26283902765131	1.77513484552345	3.49228904495756	6.17216544942087
TCGA-49-4505	2.26819482282843	3.89625247063773	0.142740172116082	6.06827096193856	0.17210342844014	3.99574680322345	1.87530826003134	4.47784567533274	6.58541928183091
TCGA-38-4631	4.36694462473485	4.71790120554148	6.08558611756231	4.86479529153885	0.265316866510289	2.76075320806299	2.28466218548317	2.93404464711225	7.50798487315604
TCGA-62-A46P	3.88819772182308	3.59260055212334	0.253505262186697	4.31544305402973	0.640898520642953	3.47911412667145	2.98391478059586	4.53915260595473	7.41431230643139
TCGA-67-3771	6.00272052020566	6.78285147560665	4.99532622076873	5.78123642340779	1.20676823546832	3.68174159790161	3.4528062625625	4.61864391608808	7.63425854643979
TCGA-38-4625	1.85159914323515	4.58220672738062	0.962512006539502	4.47596035391194	0.27786575723488	4.07645648159332	2.11446697726599	3.86642337272507	7.31733120547829
TCGA-97-8179	5.14995436503271	6.05040374409607	4.0770549577038	7.29525098624346	0.78751604813503	3.57259867537003	1.6416847430957	4.61357879904433	6.5086457377149
TCGA-55-7726	2.93779634068655	5.67744904488794	0.562376764171054	4.21534467267682	0.454175893185802	4.98224523206631	1.82700600963898	5.76156718843043	8.05460160485038
TCGA-78-8640	5.51223004754257	5.62974420122597	6.65989887728898	6.29657487394089	0.391547780167342	3.80642717700988	0.525868423440182	3.02392951716401	7.5333507592868
TCGA-75-5146	2.52265842063428	3.44445504611394	0.383718114635775	5.14159627838382	1.08079408195824	4.58974551309759	1.4365349937602	5.30908157665069	6.73203171604347
TCGA-97-7546	2.10285965792206	6.05899395287478	0.513490745588118	6.19780446544563	0.439463567990981	5.35377141693511	1.6219463597208	4.07837927196682	7.27863530068382
TCGA-L4-A4E6	1.12558498213352	4.83799368489171	0.463727071988511	4.95519189175396	0.528271247103276	3.92677750470549	1.19370867338242	3.32166838640554	5.70984753204475
TCGA-78-7149	4.3634234215284	4.54741898090446	1.24238909626731	6.27662321228672	0.244765307569313	4.01828698832347	1.50680502426355	3.32482500150274	6.34280183419788
TCGA-73-A9RS	4.58600206876381	4.73165030366155	0.393745670660825	1.21499513461492	0.28522464546786	1.95921373878461	0.721503907035707	4.27675719075583	8.16729720528273
TCGA-L9-A5IP	6.58817792815242	8.13921877797772	7.00370341966064	6.91420691467269	1.17203940398583	3.55290574924755	0.782660175841168	3.72102260760142	7.66785594389186
TCGA-91-6835	1.86963455581339	5.89754055238328	0.575893164772001	7.21320047712757	1.13776580809588	4.84361207110538	1.32630723488627	4.93047715598106	8.3092998999692
TCGA-86-8585	2.66095142826012	4.70371535346884	0.671474547295438	4.51224585258176	0.137765808095879	4.29820373637127	1.12743518442737	2.70712717777318	6.31925483048838
TCGA-97-A4M2	1.96993327469786	4.95767320088961	0.545276500131239	4.70860662732526	0.950468414150123	3.90246918056306	1.56120392076992	4.07050954746906	6.6482842319112
TCGA-L4-A4E5	1.44344752192336	4.16646640595482	0.298658315564515	6.82547909851301	0.497842258860961	3.69837407638624	1.08392815506236	5.33545467155309	7.14465416453625
TCGA-05-4422	3.31502997441435	3.95521049421213	5.89231330287487	5.9641536952135	1.32912359629157	2.45546531783554	2.03128931946683	4.67368644158717	6.50114930313465
TCGA-MP-A4T7	4.45922175682285	5.57783061174897	5.515318222571	6.69558465754399	0.308477376594961	4.3487706378767	2.20439116292978	3.30879770693447	7.25244404455345
TCGA-86-8056	3.4736440634494	5.19668965679234	0.867184822457412	7.97221359053109	2.45769934501606	3.62001156377153	1.73941609340103	5.2742914841021	6.74826397605675
TCGA-55-6642	3.67228955251863	4.58411466830947	0.198116929152455	4.11367549845641	0.215492229990981	4.1121412929223	1.08678376614207	5.5191329907836	6.6836332999312
TCGA-49-AAR9	5.92820922492338	7.49184588283644	6.66029260413484	6.93892559300049	0	4.47267621931748	0.646899948621948	2.27837139724655	6.45305328725953
TCGA-49-4507	4.8064838896592	5.69082213313331	4.32513452552061	6.64804689721565	0.0447438212243978	3.9797784301567	0.171078696058683	3.66588162174383	7.55596412799093
TCGA-49-AARO	1.31359414657239	5.27022243056522	0.752234780619645	6.05539524333451	1.37501162009012	4.96981818594658	0.901339982640886	4.88547674976732	6.15439688185454
TCGA-78-7143	4.24309779954513	5.28394769318689	0.416083074208358	7.70043763732944	0.627046459392409	4.01200542981714	0.491699200650731	5.3830683298384	7.63390050398113
TCGA-78-7159	5.02140421491797	4.5559142942434	0.716244669031325	4.34323013955347	0.203514411130758	3.86569121096202	1.98360473735193	5.45554751247126	6.65068845954104
TCGA-75-7031	3.07014885867826	4.7035880142654	0.704429352076477	5.89920705613612	2.69612738980005	3.30009443097129	4.05977058109025	4.35082959442266	6.40902257755831
TCGA-55-8620	4.45511018318752	6.16106333759158	6.29037095061093	5.4076450678326	0.236951758588081	3.83220140590282	2.9428147423323	4.68799567284709	8.52109315000367
TCGA-75-6207	3.01060083322651	6.07000283995564	0.816312982081965	6.40482820684355	0.423094054149902	3.68961226966594	1.03780389826511	5.16808840422363	7.25242985186286
TCGA-NJ-A4YF	0.523060061795249	4.2613126644642	0.174278571036122	1.28273632027634	0.829037688669135	2.93760804600208	0.271306143797337	3.65973051200106	5.46909800796955
TCGA-91-6830	3.85110936727786	6.68899577125027	6.49623703072909	6.34152860796456	0.709996368911402	4.13982144873865	1.48057534569632	4.85584522130322	6.88256235399263
TCGA-62-8395	3.80762282626058	5.32990932809289	0.616451803192927	7.38998145816344	2.17437445771847	5.01595244330961	2.42365884132883	5.31106346825847	6.81551522992649
TCGA-44-7671	6.3554638645153	6.21163914660515	3.22085616396088	8.24471917246016	1.54205989778489	3.94674021610894	2.66968444822207	3.5020250215177	7.31737462380279
TCGA-78-8660	4.00741081295462	5.56828145293817	5.85896567149386	6.19143236642407	0.324465006331542	4.24264061147542	1.4523318565454	4.80601981156094	8.0583597931116
TCGA-50-8460	1.29942051400671	4.62258485903775	0.371837617330421	6.73975901137004	0.24598236099132	5.7148005049959	1.83786252942124	5.05972732588936	7.96530927126313
TCGA-78-7537	4.13023076231817	3.82002574772674	0.128293401009818	5.04271874633818	0.108892401632409	3.66639303236902	2.91655307658739	4.54156439872765	7.70978689040035
TCGA-55-7994	3.29868763833646	5.02378317919477	0.766128674991133	7.79411819855867	0.594835149234949	3.98381447977861	0.435948564860534	4.10547694467755	6.22981092339502
TCGA-75-7025	0.705756782049797	4.6290184943487	0.877116001050766	6.72888238417601	0.427713432366417	5.99598643516215	2.38959434384812	4.49561842148514	5.95371455597104
TCGA-MP-A4T6	1.61819166150627	5.45267779300245	0.583711622893664	7.36700667622845	0.800910251058352	3.69258342207659	1.60563655770366	4.1794473537201	6.83556158695059
TCGA-55-8094	2.55141757878719	3.83830639213608	3.41513668115357	3.83434715935138	1.19257294138692	1.8734588777622	5.77225254247541	4.93602539966154	6.83596322248571
TCGA-55-7281	0.69269500028227	4.55593882799576	0.127633279725874	6.3978457356307	0.533463676720404	4.58085097795087	1.41613713506464	4.37798438835347	5.86510224371821
TCGA-95-8494	3.36203498075137	5.1957491660492	0.750177705593057	7.74670711546273	1.44927082553272	3.60456953690769	0.758388465479352	4.07463387571746	7.0388783957809
TCGA-05-4397	2.08556062487263	5.06775916587012	4.91807609801297	3.47329337615746	0.953898432919056	3.41341806720972	0.54685742766799	5.87738353109705	5.74909173757196
TCGA-44-A47A	4.04238168697705	4.84711499008359	0.542802827427389	5.4600970721713	1.65438971117717	4.4762131688707	1.36148765214307	5.02174176952069	8.14255996691188
TCGA-55-8204	3.69971819022363	5.55552783260107	0.658188627995861	3.24592153269824	0.165043649483044	4.74433334738136	1.65461884496113	5.93950634315253	7.57044699207233
TCGA-50-5933	3.24197743132115	5.7699885502911	0.610794538087838	7.23022126986175	0.634779110909094	4.63211113934358	0.765025470000371	5.02417338079843	7.23176646918443
TCGA-NJ-A55R	4.39866503619777	5.13228893294926	4.76132783010978	6.38593830726253	0.42867840994823	4.23783901553078	2.75783400107343	5.36063115746349	6.19152119788892
TCGA-53-A4EZ	3.85367634323199	5.12789323853342	6.38011815428014	4.75568877685271	0.617486566413356	2.66430078534004	6.26679965604475	5.25839077996239	7.43752738133868
TCGA-NJ-A4YG	2.08664791275519	5.39092558138647	0.39011735366633	7.44911809871928	0.364124146720622	4.37228351288053	0.487074680051724	4.13407304772312	6.99485800899628
TCGA-55-8302	4.89404650336801	5.76443904904308	4.92970106313801	7.58035882708085	0.739502505610386	3.89543835238485	0.418351887785521	3.76189158854273	7.18682340059944
TCGA-64-1679	0.443288374817144	6.74641354730179	0.463099267348104	6.14407288950239	0.568226721666339	5.00956664158408	1.44726179517457	5.10357317149786	6.25994094408401
TCGA-64-5778	0.4015212501086	3.63296612490967	0.196481148982308	5.85138925961302	0.262914176237417	3.40475328765161	1.1242619548127	3.1925571610346	7.10053094003057
TCGA-NJ-A55O	3.21379829646997	4.52275256531415	0.660563585545184	4.87937249660027	0.338567037001151	3.53305245900447	0.905889980126704	4.02317549612119	7.50317856599466
TCGA-55-6968	3.32217333219973	6.34274317667766	0.866868424618348	4.74309482993087	0.198494153639083	3.94058962841475	1.92626515369417	5.90121204765806	7.81161680832043
TCGA-62-8397	0.322620422361685	4.14365463452604	0.556601081653847	7.21866494169749	1.37817865520804	5.96459963432549	1.92181713984662	3.31129965903393	6.17721021989769
TCGA-78-7161	4.02749026362205	4.55528854255213	0.661567199527146	6.36324292967477	0.294664856091242	3.41968719833412	1.57230762361405	5.26335371705319	6.43459487014032
TCGA-99-8033	5.874469937629	7.06453907577787	6.78769103565345	7.61612240464668	0.170437868508108	3.97871732225772	0.303225477672089	4.13702801180121	6.38800178167333
TCGA-35-4122	0.837055156273024	3.25883546883112	0.86488936446975	4.07789240738884	0.157819839478863	3.2566634845435	1.54334739945142	4.14216016792999	5.64322126426288
TCGA-MP-A5C7	6.04811191528431	5.92241195281461	0.823178690095637	7.26455238162345	1.17485379555888	3.34983232263466	0.908351786371604	4.69839074662257	7.02356142671183
TCGA-99-7458	2.7314873921986	5.11419209173783	0.575893164772001	7.3990155341909	0.230326000028692	4.40257893696331	2.66017563853765	5.29080036390476	6.57795293719989
TCGA-55-A491	2.99644298208383	3.76022094646651	0.829281297997532	6.41428101318845	1.90892816505616	4.10836554248547	3.09649800925022	5.56618802367856	6.80239486989686
TCGA-55-5899	4.52866507849998	4.63596329417925	6.22899180351421	5.2689620575519	0.305562015620484	5.24941120751862	2.16880246870228	4.97268805942676	7.1658285495561
TCGA-97-8552	1.8890061971947	4.67066474594765	0.559638644922725	7.20554206910716	0.829200099458554	6.07275323827256	0.807931884689125	4.28039961112653	6.83661469515565
TCGA-50-8459	2.93334601914792	4.80923435337254	0.440527031875852	5.6073983777562	0.247562997071354	5.81842879311042	1.74174740827552	4.27950843973481	6.10459875356437
TCGA-69-7979	3.69650578993946	5.83637610849346	0.397145797392781	6.24088671380497	0.3415303869973	6.62657493054801	0.381172604716798	4.77117250396552	8.04580661304006
TCGA-78-7150	5.5842409728037	7.1304758385941	6.6120885310113	5.46678371344672	0.980098438817791	4.78378140753949	4.29907610881044	4.3838079554592	8.58454578721097
TCGA-44-7660	5.62107309131478	5.70027879318093	2.32175496109422	6.23632040312464	0.163756333397909	3.98759373325804	0.584577730738641	4.93089815362049	7.6721113094637
TCGA-05-4417	3.39238612090696	4.72631899116435	0.318692833148335	3.93500706658385	0.808014289089598	4.57884212776558	2.45748923104651	5.24084474665894	6.46193121635329
TCGA-55-8614	1.17255152008151	6.44609904698222	0.480678738754799	4.44173576979886	0.375178479589612	5.72383156649532	2.48596773639643	5.61227287111348	8.53009493888541
TCGA-86-8278	2.42607685660082	5.90810195074491	0.522156211891473	7.31652863575716	0.230940776123941	6.61545896772781	2.04586229790869	5.76083303036823	7.4655827294134
TCGA-05-4433	5.58244761617671	5.61732199462841	2.21483975717771	7.43996216429556	0.972766165254485	3.73437362958302	0.329410671218568	4.15822390820196	7.49909405507042
TCGA-55-7995	6.16506777569232	8.24671590029256	2.07495064390948	7.45964800666473	0.42212533285652	4.01478375262707	0.346758372226802	5.75050199676626	7.51755916438403
TCGA-62-A46R	0.499986164421874	4.3975154892399	0.826599330273102	8.25205038216689	1.701149793234	3.25649743456555	2.37236710295583	4.73846521733978	6.6370870787948
TCGA-75-6206	3.2900262217127	5.7647336160611	0.346304516134695	7.56649248992615	0.979659551715825	4.70663000721316	1.87805827183431	4.23014151610343	7.57758592972697
TCGA-55-7907	1.33879520322666	4.63768558989314	0.718438348620861	6.56856875805543	0.990882270141078	4.3509285767047	1.3227357779801	3.78311086901503	7.53615938834703
TCGA-75-5147	1.89122474044901	3.90913944622454	0.663025756497975	5.29005940775656	0.340733160587732	3.97110205620767	2.3489122409942	5.02505537953603	6.3754408966329
TCGA-55-8507	2.12789736448606	4.48409300598619	0.220949004466779	4.81320656356952	0.72438833660212	3.86902251233687	1.50197408519129	4.21354947818935	7.16224327496762
TCGA-95-A4VK	1.70977586437295	5.47398817366107	1.3588463306051	8.15325915642191	0.378178655208042	6.01056726721745	2.94084329568946	5.04837570453898	5.8502093453885
TCGA-99-AA5R	0.669026765509631	4.71868492896964	0.64855747805276	4.95460579150714	1.44328837481714	4.05892254266585	1.89704676223591	4.10906797860024	6.22978785596022
TCGA-44-5645	2.87217580310673	5.59624414036418	1.11610406845959	5.74995129342411	0.382367843950749	5.33516892285404	0.680383472190223	4.1509713297667	5.63253411192688
TCGA-86-8074	2.4906214709932	5.19329865106882	0.344714894490127	6.7906391245014	1.32434978890219	4.31853377164753	1.48712614513836	5.33751843452671	7.19978716701512
TCGA-55-8092	1.74006405884686	4.74923926268725	0.433279970557258	4.57689092731655	0.189413431033673	4.39794667669588	1.28593480794387	4.51152496666624	7.0818423695206
TCGA-49-6761	1.43274565884385	4.33846720292929	0.245739032429285	5.30105348719139	0.235604532763299	3.92556274739949	0.91532967601301	4.21783559054722	7.59647230285224
TCGA-86-7953	4.77359552081886	6.8389895729304	0.421371433000894	5.7474330538367	1.00920382732984	3.91665816418193	1.51419802334758	6.09300021191401	6.22733291158833
TCGA-55-7816	1.20470415949033	5.18873718718513	0.670115181284294	4.37833821198591	0.137765808095879	4.62376738642584	0.473942729846574	3.85576052174543	5.50183400102007
TCGA-78-7145	1.52571811400169	5.12687789552631	0.550999138763864	6.69698838432506	0.558561531800457	3.473111504737	1.90126274023472	5.42659016316082	7.40882393044381
TCGA-55-6983	4.38420871560035	4.61805654497232	0.315450299984932	4.15073837773094	0.456385630378589	5.34538927829077	2.71821913070233	5.59976112813381	7.87953178950885
TCGA-53-7624	5.32682134358149	5.09662028922997	6.96078969496992	4.69029416507873	0.296897857700078	2.88968769189221	0.0852886748169873	4.25515323595133	8.72432557424792
TCGA-69-8255	2.43903796284271	4.01402493512827	5.78939279193479	2.1336292806255	0.760433874670112	2.11603199344711	3.83574221047605	3.64534428333265	6.74674405916865
TCGA-50-5068	1.10587918307446	2.75073511975991	0.308593868584276	5.05542127465884	0.182565182221083	3.26949700907746	1.62494309841204	2.91312876781974	6.10936055940423
TCGA-78-8648	1.29018845733752	4.76093413228188	0.31173560197927	3.78885272786782	0.303459301828336	5.40255847296198	2.50143914515887	4.78194192021281	6.39321195981862
TCGA-80-5608	3.96914127831957	4.53521315662507	0.394843361530861	4.99419048798166	0.213627238511947	3.61452139817027	1.55517808760328	4.82855034657209	7.36647434497429
TCGA-78-7163	4.17965435723064	5.48126341629497	0.357045212966808	6.71781760151641	0.0367494764278683	4.37747778387236	0.883777197516207	5.42816249528419	6.98748231866639
TCGA-55-8085	4.54825781807666	5.34970849966387	3.22000484748026	5.35989360304708	0.928806145340626	4.31637024061983	2.00234247669418	4.26605189074732	6.73103657460631
TCGA-L9-A444	0.495695162624069	4.10116259677204	0.319271090818063	7.06277904034604	0.928881927089344	4.211580746332	2.41519077748418	5.22640448554928	6.7934888644801
TCGA-44-6778	2.54680804989641	4.97991558541752	0.947105051567874	3.54679570518945	0.575505968032991	3.60480672084945	2.44964060511718	4.79839792285535	6.30718441219792
TCGA-91-8497	3.74244822458765	4.96596432176911	1.17363916357058	5.50980666806815	1.05928604874619	6.00005184592143	2.25074939689619	5.18930667676039	7.10289429246444
TCGA-05-4249	0.759326304678515	5.66014710890464	0.54833797550862	7.71359684608778	0.90079919893024	4.85803074237472	1.53764396192988	4.84512368534126	6.9647451701065
TCGA-05-5429	2.66318519674137	4.89937867648538	0.551885103471725	7.29434688651649	0.733701413458681	2.93606310190092	1.06956469509336	2.77923870499658	5.80054791702995
TCGA-44-7669	5.11100209083909	5.83810969710044	0.695013872632582	4.95121010093038	0.360532838657761	3.56864019541922	1.76506791656438	5.42329915125187	7.74383672188259
TCGA-86-A4P8	2.25435216273399	5.32952548519666	0.87947052508696	5.21686611818123	0.688493710599149	3.9509442570593	1.00288250853312	3.34004947285317	6.02095105694346
TCGA-91-8496	1.49415956371284	3.49284020316407	0.111966089603492	6.44734445850734	0.168513676197494	4.12460109619848	0.136191386287144	2.74424722404665	5.9427912885671
TCGA-55-8514	1.2342560476883	5.0476605275854	0.351289097598875	7.26253369626113	1.09369538023356	6.72082840157272	2.00428564600441	3.34418936650199	7.22115787376341
TCGA-05-4424	1.78312134857659	5.58364844885285	0.240497517073261	3.69494703426423	1.55075294086895	4.76408602014832	2.68309005815048	4.26829963992581	7.91231094503033
TCGA-05-4425	2.1327084394083	4.76483444500626	0.418351887785521	6.59825502171455	0.45512333788168	6.02574641879703	2.68014429006384	5.24203461403301	6.70867835310246
TCGA-49-6767	1.22583018037859	4.91773248442697	1.63913953138043	5.14960081061714	0.723165343457585	5.86974311705717	0.706287412243074	2.77197006769819	6.96917006487138
TCGA-44-3919	2.42422340749103	4.68454946918384	0.309409049240119	7.08619886875091	0.214870834003905	5.04657836662033	1.22360789499323	4.8323077565796	6.38620394898962
TCGA-MP-A4SV	2.0451983069619	5.4812795642455	1.56618193369816	6.35374672071372	0.642285683059577	4.09820898654248	2.09396575036945	4.76270492706085	7.51880420295223
TCGA-93-A4JQ	3.26518182134138	5.86324715859822	2.34340782229781	7.05124918896146	0.711935356978922	5.02191939811998	2.01278318469829	3.9736204587814	6.5277459712818
TCGA-50-5942	2.85205878164439	4.47968973914729	0.375734538583156	7.52958203893325	0.364012053558615	6.34705968216932	3.05427545182245	4.70476132409119	6.32908053012518
TCGA-62-A46U	4.23539774472499	5.31146315307594	0.932363591434856	7.82100731666855	1.00468115611791	4.83441289856309	0.280362489973778	6.00371691018853	7.13000418418862
TCGA-55-6970	3.88757400961563	5.45850668583959	5.87025867143499	6.17317341665296	0.626953041770665	3.21370499464354	1.73664816633887	4.28632672709055	6.72213400246621
TCGA-73-7499	1.72093508135976	3.37792887873281	0.276079727574732	6.05517829736388	0.269152867217174	3.90642885931369	1.01299766400306	4.89470622290905	7.25821173514952
TCGA-86-8359	3.45663532822965	5.85543164103173	0.183200646725428	4.39745388051041	0.359633613048041	4.06748383910425	1.33285112207215	5.1971105147127	7.47917153654013
TCGA-99-8032	3.34660237529899	4.22503579785013	1.16156525639703	2.92451799752336	0.225151511841273	5.05558179078065	5.38121414363355	5.03308816933219	6.8963941674962
TCGA-55-7903	2.00658527744987	4.58577378852835	0.570365776573606	7.55507836406618	0.314058408858261	3.15132306316231	0.584866317845632	4.9916624240477	7.41627227834323
TCGA-MP-A4TJ	2.3533232911629	5.10699731926603	0.586884812852185	4.64504448097965	0.318808503225839	5.20520872345676	1.17498159209018	4.77691988042952	6.53161539209657
TCGA-86-A456	2.62131343936677	4.93566717923803	1.1598874787305	7.5063551907389	1.34585051721949	4.90607283669844	1.72347118895264	4.88708654676436	7.29127386041851
TCGA-44-A47B	2.66129355585531	5.63014915599094	0.558855369686171	7.49197011018194	0.579566360160213	3.71669464523684	0.949646982649385	4.4381531003648	7.37037006617097
TCGA-50-5049	0.776693582341593	4.09394885372032	0.175939705406043	4.04463017741547	0.219214995795424	4.85652761864297	3.78270210672751	4.06113677786631	6.57629991190935
TCGA-93-A4JN	1.67414423637292	5.66610609650748	0.657457084573512	6.39873685247882	0.683202372966368	5.94155004049141	2.92381473986634	4.992800147962	6.07215083038982
TCGA-55-8206	2.20160249789307	5.36781834360619	0.460899797187532	7.20114667332433	1.17638660729196	6.04396780556964	0.815329493974193	4.3428107214929	6.70104580017303
TCGA-78-8655	2.17085443879323	4.28486943309603	0.802565477307944	7.27496140366252	0.408168370708106	6.32817404795859	1.97643696017388	4.01128988268584	7.37224084524593
TCGA-55-8301	1.49015934028372	4.46290302235822	0.512985334813677	4.29871696051243	0.587557017429608	4.08673282262113	1.77736710945041	4.1912309948516	6.92613347856062
TCGA-55-8508	1.55227869099044	4.42297972507628	0.368824212289153	4.18684914570013	0.0970713705439032	4.18438345374284	2.71981865606623	4.67187078789739	7.23611467462248
TCGA-44-7662	1.75970979052238	5.27025981354164	0.459326691546019	5.9493691769776	1.01264018077877	5.76693168065299	1.05206804724387	4.46648356115379	6.42292255714171
TCGA-78-7153	2.45283261387881	4.1883455326596	3.48286118725978	5.64764549697462	0.650213105313581	2.98613784409922	1.37456656705273	4.14336076338833	6.77608687571298
TCGA-44-A4SU	1.60625269909286	4.85766754801889	0.730226921946368	6.42681991770785	1.06508972418625	4.95574521233071	3.10877533844838	4.44245256436128	6.43703293795753
TCGA-50-5946	0.583807882779664	4.62233300773521	0.551294520789988	6.03601092233988	1.11103131238874	3.52521696940832	0.451013242943973	4.86461207927824	7.55619640720975
TCGA-86-8672	4.86056061414336	6.33009762488385	4.27058874197207	6.79435997708129	0.859413029585948	5.23280271713679	1.13099674480835	3.43051276724536	7.28745567241043
TCGA-05-4403	3.65300267514463	4.29745556848286	0.126047755205939	6.43349363984688	1.38543103719352	4.12045977347599	0.979147347957941	3.69228211780993	7.32231396420308
TCGA-91-6831	2.57412573450295	4.8522985348681	0.333194716335888	2.74340725199067	0.122473941175645	4.82362709283577	0.968127625568686	5.43224122059725	7.69783427339248
TCGA-95-7947	1.2885357502938	6.17739561745865	1.07382023329167	4.54222709031368	0.284987846937843	3.57063293557624	0.836408932279738	5.45792255758421	7.65978116633634
TCGA-55-1592	1.51571245195603	5.07231164002243	0.467070757218749	4.82772758330142	0.890329949315373	4.98834385241041	0.490364749985909	3.93682636033577	6.98533533975073
TCGA-55-1594	3.24429342322387	5.35122548281074	0.871291692375117	3.82259759743482	0.919378223247579	3.14810435697644	0.700350934175964	5.32444340376443	7.97915649604846
TCGA-95-7043	5.89445886343274	7.30356524092385	0.827656458270775	7.46588714943576	0.511265612582551	3.30464245541335	3.43825292404212	5.4793502202425	9.36937138269371
TCGA-86-8076	2.36426425092678	4.63398330465893	0.633012640201731	4.91930194062808	0.464981862274952	4.21389159226278	1.07080146760021	4.58433118353006	6.53310854104992
TCGA-05-4245	3.90205427891354	3.75167794568758	1.25435216273399	3.04234666330641	0.0655723115936221	2.40130279234911	1.35580563894407	3.35323859033755	6.18608253705337
TCGA-55-7724	1.90002629896485	5.76019699007689	0.384823458729755	2.8185233820663	0.185105362542592	2.2142802598049	0.873025701046472	5.40479415314769	6.58189501780926
TCGA-55-6979	2.16288674522786	4.35480475120157	0.246225648519871	5.90984029396282	0.415109632227579	5.09155598053874	1.04670058674162	4.76837490676251	6.62573952283532
TCGA-91-7771	3.90760214965979	5.00907838883213	1.01099461607159	5.47715273355428	0.6263924089757	4.62236229502941	3.26774552042129	4.45480759211185	6.16100890216549
TCGA-05-4382	1.2001276542736	5.10455891838295	0.399882010026675	6.32487359396952	0.672289552518631	4.98685232330484	1.82285249145293	4.52202435312295	6.37742225475561
TCGA-05-4405	0.752919821012805	4.94514414608002	0.388685507495314	7.14458075324338	1.04082231010734	4.6140266104196	3.88786640828726	4.93375201981657	7.12797369248159
TCGA-44-7670	6.44496185638303	5.9793165782432	6.28957075831854	4.80733431198123	0.322735777980096	3.29295839494864	1.36843312446466	4.4490462702496	7.49632572426459
TCGA-44-8119	4.19635524288275	4.76591128305942	0.632361289596567	2.65260121759652	0.86036693013812	4.98650195414996	4.08484664661307	4.58291723367344	7.11223514309149
TCGA-49-4501	1.22255729134873	4.34809783320056	0.177216200836063	7.1827071931067	0.420293749346622	4.11435869527991	2.74957717246	5.0835240036478	6.78117608610655
TCGA-55-8207	1.11663091203631	4.87644818669472	0.520145626880826	7.44138470922483	0.662843517498063	5.46712294086012	1.7935213781304	4.33187716036905	6.45908237859267
TCGA-05-4402	1.65814291739779	4.81089548182097	0.785173874422659	5.06317501980426	0.720541147546599	5.32126791087755	1.32745743429415	4.29542181949112	6.87051637955187
TCGA-55-8203	2.71683729131891	4.70376517879341	0.400210007081831	3.61992942411608	0.234991741248802	4.31422521663098	1.85275795054269	5.40326431332053	7.28281136603967
TCGA-05-4427	0.709202394796031	5.21752930767974	0.190172344802298	7.3769397555946	0.544880997410404	3.86593860447191	0.699107384624001	4.24836784788212	6.11538080332785
TCGA-64-5775	2.72226927991445	5.78045971577068	0.782492440107821	4.00556167551079	0.02828624307911	3.89275044051016	1.5842409728037	3.25827770161315	7.56603119849097
TCGA-86-6851	1.56193705962243	4.872838607249	0.512580878673969	6.01993537733223	0.664300785340037	4.14449510201347	2.3786503372619	4.97084445344991	7.69960992990559
TCGA-73-4677	5.3575484858454	4.5087328795124	2.41646145766793	7.55872146661354	0.14535138557262	4.39112842704385	1.08079408195824	3.06813765439932	6.82792950847522
TCGA-91-6848	6.52540961745843	6.00702053710549	0.329869872317659	3.19407128831688	0.166972472410695	5.19218627305694	1.92413790081949	4.80103445892236	7.72289562678051
TCGA-44-2661	0.430499386222592	3.79593314731496	0.532865503106325	5.82693993204231	0.884011737583522	4.7904384281852	2.21977258304682	4.22996469686879	5.48068843147414
TCGA-55-6981	3.43794677620809	5.13184050196186	1.32624970083746	6.8665457756827	1.00906046815638	4.22851088271983	1.59612414371518	5.15415786173723	7.54801808994985
TCGA-55-7284	4.04907309665431	5.48608361913597	0.497433534432732	6.8224102216128	0.892429885862521	4.62572637444199	1.2671162618804	3.55645394044368	6.37126959765232
TCGA-91-A4BD	1.03329965134486	3.50597982545315	0.378289653095451	6.62566063067777	0.261711328876685	6.18399061534451	0.681854017741061	3.45359659275458	6.81416201244164
TCGA-73-4670	3.67577077569125	5.17165119489264	5.52025250971327	6.92704665327901	0.502025021517695	4.46843343575297	1.4922634045669	3.87812695501142	7.20128098499097
TCGA-49-6742	4.99981063384846	5.45831965927324	4.86353709549973	5.8609950670009	1.00259451670845	3.49187874401353	6.46381043174468	2.745710621988	6.75682849087372
TCGA-55-A48Y	4.34207822471597	5.2988012584488	0.74536642658117	5.84635791591579	0.138814468902282	4.8242892510636	1.93085085664082	4.61373201331557	7.46790546906145
TCGA-97-8176	5.96260223231055	6.41229715908267	6.49076746068919	7.71839313765171	0.581399456723873	3.9327226329752	5.28338473504236	4.2567842361608	7.27183462575646
TCGA-55-A48Z	1.35603109527222	4.56139335066728	0.551786689812224	6.54831639509967	0.488412175995732	4.61280658720998	1.27852008117665	5.33839945444582	7.35138804836083
TCGA-50-6590	2.76205110282712	4.61324874380027	1.10547694467755	4.68978556871803	0.0867837661420666	4.35708041258426	1.13099674480835	4.53870576476377	6.79389978312501
TCGA-78-8662	1.869950347659	4.98650195414996	0.217478900470531	6.30548540798575	0.748547105153157	3.10144838048991	1.16504364948304	1.46498186227495	9.23249479894606
TCGA-50-5931	3.17825252237626	6.33953114985905	0.606347466724573	2.15179388749632	0.526369341830301	4.18301797934686	0.805622648436367	6.13086293310083	6.87479696589867
TCGA-50-5944	3.190804468127	4.77313129248519	0.275364696150436	8.12765236559666	1.49410834892234	6.90966031419234	1.3946787611343	5.57137647002898	7.85021559747694
TCGA-MN-A4N5	1.03351110236132	4.66208583988939	0.385154896884344	7.78800178206355	0.428892761785916	3.93183431466541	0.613908778796663	3.60909302362406	7.6809607409457
TCGA-64-1680	1.46967762981719	4.1219437335104	0.425674135387581	6.56961260764975	0.191436314605321	6.45668460559409	0.647913109543964	4.63225658081517	6.47993705261718
TCGA-64-5779	2.16520448325774	4.09869746472795	0.653060017104565	3.11912373333747	0.18205660901025	4.12829340100982	2.28395139613162	4.51426746943137	6.65986320831753
TCGA-49-6744	1.71821913070233	5.27036448072262	0.212880566344385	5.51532768533805	0.635986503745623	5.41434529046618	2.03980517910904	4.52968354045774	6.81213622262356
TCGA-MP-A4SW	2.24479574642115	5.33385304336707	1.37651266128848	7.36215161209174	0.810072870873325	4.08478713247223	1.86927920734301	4.68364031722054	6.52179043113131
TCGA-78-7162	4.53478376550286	5.1419477136881	0.489234634532018	6.63691313070177	0.885808612477517	4.04172485162315	1.29560548858806	3.72631899116435	6.60247766574763
TCGA-69-7763	2.63703054796503	4.88859714580017	0.285461405137036	6.08900018936053	0.12313642685606	4.16535725873784	2.21570965537029	3.54725238901216	6.19631392754948
TCGA-75-5125	1.62330502824754	5.28076705901318	0.190298791626595	5.55717417621092	0.548831154004822	4.18096734146498	1.4589593866181	4.93754684493785	7.09797837579511
TCGA-44-5644	3.87635977633154	4.87582920034616	1.19459140277373	5.09261762080713	0.0639170536923114	3.1512256320443	2.2843068345815	6.40725246607188	7.74885767814215
TCGA-55-8512	4.69621643405639	5.71194361413845	0.792855352362489	5.5847791465755	0.535455799435292	4.85498304647348	0.427391629686718	4.28294384471054	6.96629087020923
TCGA-75-6212	1.65053481231478	4.70019554908852	0.258820396876412	6.17406080469105	1.0064775640712	6.59911839756031	1.61494536693687	4.48269987657184	6.2904557376109
TCGA-38-A44F	2.6119985644889	4.65495675087991	0.695013872632582	6.30210332522283	0.672017935264532	5.26913042033106	1.49666686388829	3.93821991389409	5.79847050502464
TCGA-NJ-A4YI	1.10326262660608	5.21773867262165	0.683202372966368	7.40581881752372	0.389566811762726	4.18987198917018	2.23774725562991	3.17178327775181	7.12587216682921
TCGA-50-5066	3.7080878886417	2.81184090491743	0.709114148471209	4.87169582382136	0.360982241368626	3.29073402513422	2.60385775102958	2.88309290445168	6.04720463532483
TCGA-75-6211	4.54639444470006	5.79522406904188	5.34178298737624	5.73701608760901	1.58072437630872	4.75737000652377	1.65338108996857	5.16315250833829	7.70215051653193
TCGA-44-6774	2.61960081872017	5.08565409586596	0.344714894490127	4.07234594375766	0.599889044959259	5.58563259714647	2.23545135928477	5.0998884895683	7.21486403600538
TCGA-05-4398	1.0820212693455	5.58295636156545	1.07895134139482	6.49816787825806	0.491288731897443	3.84933879018837	1.08827730968045	4.47949573812848	6.40048498880857
TCGA-05-5423	0.61381450656865	3.65902259210799	0.359746046905471	5.4834933512844	0.751720786775045	2.89838251041178	1.50258520244744	3.82582632350691	6.75974174307527
TCGA-L9-A443	1.51040498212646	5.01140618324699	0.390997783957376	8.01414101542524	0.943283737584011	4.41835863488438	1.11623166060415	4.96567809839938	7.70046607482897
TCGA-97-8171	1.68903072718487	4.11048017777475	0.206268124520983	2.63014915599094	2.12561804227631	2.28492864123184	1.52807116457874	2.7945198406243	6.44049547158
TCGA-44-6775	4.12298480803028	5.75691061791053	0.739587217879381	5.63943848415061	0.622537389942505	3.51226453943508	1.11599405997394	5.0262181954568	5.32298930267417
TCGA-71-8520	2.4368547636265	5.31964683405174	0.464040871889887	7.72809805844473	1.39566608193688	4.97050397924068	1.85091940940621	5.70311731531438	6.91721929788972
TCGA-67-4679	1.39369076418745	4.61181566442643	0.597983993789946	7.73192178189262	0.840926433303148	4.55772254018119	2.16043619766802	3.08610437124329	7.52776160725236
TCGA-49-AAR0	4.25698043598569	5.70538909563689	1.34443084907941	6.26130326067177	0.514602026442041	4.98241409937624	1.32607708492313	4.34838115762366	6.93710070489843
TCGA-55-A57B	3.95114014676621	6.08279837415335	0.47487728599312	8.33686936370651	1.76909465603116	5.97606113301473	2.97810408521378	4.77183805117553	6.52702496899852
TCGA-44-2656	3.95577626064832	4.73858733184193	6.37317800009413	6.27621829391013	0.668565887220588	1.68237803014022	0.836968423667448	3.95078685942863	5.63479231660454
TCGA-05-5428	3.20934418457571	3.45287213995083	0.887759202321846	5.33700812434638	0.268554164033544	2.57562697817732	0.558169654834612	2.03889265849614	6.58911778440825
TCGA-NJ-A4YP	3.57555437330874	5.69227932766157	0.34289603673962	5.23995170167652	0.480678738754799	5.18054174717061	0.901030988199592	4.55766740686058	6.93668740198461
TCGA-71-6725	2.05491791912896	5.63970680824918	0.119555384695282	7.3262991442993	1.50436615061227	7.2791759660989	1.03969991772095	5.16586773311791	8.59367347119994
TCGA-38-7271	1.18033884962473	4.58403647427132	0.23204671335011	5.09740853548056	0.196355242882748	5.22918028073538	3.94979636862321	4.35664387661479	6.71540333096749
TCGA-75-7027	6.93186031046937	6.15144078365164	6.97687568326089	6.07968530716798	0.351402183629964	5.09643897382623	1.23511432037636	4.80575160948975	7.56028926607521
TCGA-55-6978	3.05665288703761	5.57459504098407	0.521151269637904	5.3827571590305	0.474773476312133	5.5203468115194	1.07553263116736	4.80477121624698	6.82351245766866
TCGA-J2-8192	2.38097874062309	5.78224604288738	0.503145165950165	6.8339703653161	0.943733829634528	5.8174186054023	2.86965429482898	4.98506773907147	6.06947017581263
TCGA-49-4490	1.5138444278105	4.49394829098284	0.343350966200508	6.19636507969247	0.341871920644401	4.68017242697977	2.44495854447557	4.11252499728799	7.19572062693482
TCGA-35-4123	0.54270379224349	3.92135063491794	0.204015477399888	5.64661486886847	0.316029858519577	3.77945935117593	0.919607046908355	3.96300239655957	5.80737810804159
TCGA-MN-A4N1	3.98836657720648	4.18892308696817	0.367818343606193	6.0797983559145	1.38476821163377	3.1213304378928	0.920217065962217	4.83625743165048	7.31104529813555
TCGA-62-8394	1.74269612422361	4.54780145246108	0.277389698810864	6.74763042441936	1.03146577649819	4.46104391275012	1.5089356618644	5.02945288578697	7.70113038176498
TCGA-05-4395	5.62989862184647	5.5014072972347	0.759752393768971	7.44525575789435	0.93832343509917	4.25613507735221	0.667755908410372	2.32034025687128	6.43206245346359
TCGA-78-7539	0.76256143004889	4.95264108486112	0.183073576214852	8.15330679070731	1.84241571896272	4.14045965732875	1.5726956795752	4.877832575513	7.46718082987885
TCGA-MP-A4T8	2.48578745585376	4.71349237170197	1.35123255125905	4.22298998550935	0.689299160535892	5.0220614852546	2.29057185085208	4.57560882730273	7.09761501009878
TCGA-MP-A4TH	1.18770441400355	4.45859198815186	0.560812760992322	7.26605563991096	0.611833365445902	5.78067230232697	1.52426431482084	4.66403335036465	7.29480635758729
TCGA-78-7156	5.73590662812426	5.17818478563158	0.382279900066948	6.52011261734691	0.143393418693188	3.36748289813887	0.415866810523215	2.22937257905178	6.07811023553674
TCGA-86-8669	2.4437127280935	5.12570895376283	0.597125899367662	2.69683959001365	1.882877773866	3.70711613139968	2.81056649372516	5.82028875626691	7.23396473198047
TCGA-50-6594	2.73050953691102	4.49760597917199	0.0855606248726255	7.62122990830317	0.680054248245064	2.76881950017942	0.232660756790275	3.5157629055412	6.14778087020606
TCGA-50-7109	2.69941837251645	4.6302773194289	0.45817198959259	4.38864418314543	0.193456365749585	4.23868751805502	3.15364322640519	4.21594257477746	6.68172754480571
TCGA-44-7667	3.61619299638108	4.23663037578681	0.0614306004977481	3.2384505991008	0.192572941386923	3.7265369818481	1.20645568644288	4.39712525617888	7.75701190871527
TCGA-44-A479	2.6317096447856	4.94440870453277	0.969896447296332	4.06521038617276	0.230448976207506	4.03959464865226	2.39080523573767	4.72127968523124	7.03140071047977
TCGA-44-8120	1.10996225339882	5.45174192594357	0.565402203890838	7.35682607603309	1.05693028838267	5.29043546291204	2.48856642269032	3.9858373841124	6.15367767623505
TCGA-38-4632	0.846633717408972	3.74294398127006	0.383386346199016	5.49721315837685	0.673465970054826	3.93832343509917	0.873498251014958	6.28384956168812	6.98001387200081
TCGA-95-8039	1.64786707220719	5.34716246763624	0.82081207722872	8.00153148676886	0.674460651560259	5.86741466174727	1.6755449770836	4.73902177200476	6.11046347343868
TCGA-55-6971	3.614886489836	5.00508105041197	0.342327173106647	4.79231397993327	0.323312417757903	4.5835371354783	1.67382775177345	4.90456598477843	6.5049476627459
TCGA-L9-A8F4	0.835600745019295	5.5682844935035	0.486662893252614	4.37878903793411	1.17293548789097	5.30038367918777	3.05340679795785	4.36147361534545	6.7502004887586
TCGA-55-8205	1.85347674237377	5.31737643287129	0.533663012823089	6.4802958242432	0.421909973094829	3.97913819980942	1.01506932171765	3.84165114268506	6.1727655147481
TCGA-91-6828	3.38769339625331	5.1426544115399	0.337425664282688	6.22918989625998	0.800496147596486	3.72849741719472	2.83667149568869	5.0911708900279	7.08624452263251
TCGA-50-6591	2.86469130905699	5.07852017579104	0.701149793233999	4.12671686086907	0.666483930837426	1.68629881591192	0.468843942974638	4.23394939794521	7.00327053159491
TCGA-05-5425	2.54707960672864	4.08744586826766	3.20091233325219	5.36619280306847	0.615604626359266	4.10478114271575	4.12562630719363	4.15055967657538	6.80989543389819
TCGA-49-AARR	1.08086228642775	4.91576945502598	0.876801773978271	4.01227366852104	0.296310560708092	4.5392580899314	0.992115808035672	4.77163736292182	6.46075566722733
TCGA-50-5045	1.51782998480927	3.71626662234656	0.348232419239271	5.00235597995409	0.120219211624994	4.12295427361814	2.57320484467202	4.34668746662338	6.72097063953586
TCGA-69-8453	3.32857799650447	5.2366801182841	0.715893370547605	6.64272900472471	0.773490027495558	4.84049344706189	0.832849516893454	4.18200097293702	7.29401321881213
TCGA-MP-A4TA	3.75766335376083	6.35388783628491	5.04600204654452	6.21119329799094	0.344714894490127	4.17070224436492	1.01564029037688	3.80000942409669	7.05625294513069
TCGA-49-AARQ	1.97445589102068	3.58596001985549	0.227864272546507	5.70078093065318	0.602741913282391	4.28034764124523	0.730661691271567	4.33072331101241	7.10225919370572
TCGA-55-6975	5.04003760413782	5.00489235006254	5.11230813344692	5.69357895251082	0.0401209172008775	5.42405876518093	2.11663091203631	4.1910335444514	7.46651700512553
TCGA-75-6205	5.75872690390339	5.59795718606333	1.1742146430405	6.95969829682445	0.140516918655647	5.49728342686183	1.51283367704867	4.6520734177236	7.85573000377439
TCGA-55-8513	3.21068497931988	5.10930622745553	0.843019045723768	5.77345574050451	0.857980995127572	5.02503765622746	1.86318519871268	4.27356810626121	6.49741596946003
TCGA-49-4512	0.785090154994758	4.21592704798683	0.422233000683048	6.00179548842791	0.363563593797189	4.68440359449702	1.33204908374897	3.9810489030879	7.25774045838471
TCGA-55-7574	1.25411024187472	5.02821992822884	0.687866938500154	5.51694490642735	0.641453545671941	5.55838091423582	3.70945607291646	4.2658869179007	6.66643564173918
TCGA-55-A494	2.91511929952111	4.92098398947769	0.645793870079994	6.80822156684845	2.36999684006484	2.54124223305683	1.18662732668292	5.16689617216732	7.63604452602804
TCGA-55-7910	3.50727454209471	4.65574679818395	0.415866810523215	4.78384425455073	0.676718744118433	2.94076813966523	1.10306115633355	4.88952708285155	7.88075959247893
TCGA-L9-A50W	2.91297553617998	4.83389701812228	0.716947009477686	6.64638878073136	1.80302033179371	6.37271186083116	1.21381384618775	4.31857715379608	6.9087432686484
TCGA-NJ-A55A	1.16497931095244	4.95591256162725	1.24853483613868	6.99577506377699	0.531069492725954	4.54777677993638	2.35165659479456	4.54298231137218	6.68322764259499
TCGA-97-7554	0.843823089126896	3.93773985486159	0.345850517219489	7.62738066978434	0.938549273766054	4.09933728934357	2.85333700534006	5.50381619948461	7.52634116978684
TCGA-55-7727	3.09290087480397	4.20918039750179	0.987393635596662	6.7249394365384	0.413702388782177	2.44360665147561	0.145612247166476	4.76927453725649	6.69857966250661
TCGA-75-6203	1.44228003525258	4.79673271488811	0.275364696150436	5.15785216914174	0.522156211891473	4.92036953043167	0.867026632211542	4.63606773428763	6.5920548206187
TCGA-49-4506	4.97536421874438	5.04041905085248	6.4846021943722	6.39061266181623	0.0943712105925172	3.33992124532512	1.02290040211008	2.38039699198845	7.08588456096273
TCGA-49-4487	1.86231252090495	4.86730839651917	0.366476093510096	3.67300230460302	0.444030911158393	4.98483995470809	1.77070221012394	4.31645713381987	6.90588276162863
TCGA-44-7659	2.5480173190556	4.36493656178691	0.913339434753822	7.40169530995569	0.970780045572852	4.88980448723789	2.58921218588353	3.21575624226016	7.1969630317514
TCGA-86-8673	1.90280680314326	4.20128098499097	0.23364268300881	4.11642298236924	0.0264459803038009	4.23617113327172	0.374177032989839	3.84498815668261	7.61602901235716
TCGA-86-8671	3.0112093614203	4.93576145639444	0.614756951755607	5.28254359228321	0.938022261873111	5.88002916030775	2.88777869490811	4.63119743158084	6.62585785298325
TCGA-05-4415	5.66616576113855	6.43702461254429	6.64936253417772	6.17017945437691	0.530070742225084	3.52626917206523	3.19561532255922	2.74962007597482	7.44233727075351
TCGA-55-6972	4.18708677109241	4.04197886342146	0.420293749346622	6.86156338205332	0.277389698810864	1.02062665058996	0.312781327903362	1.64998327066957	7.16968353019026
TCGA-38-4627	3.67142925572494	4.65679952203618	0.150429698194205	5.09500873524363	0.102725310011088	5.72478667744771	3.84125863695991	5.33711519738926	6.71883970510236
TCGA-J2-A4AD	4.21157295945029	4.8891717326493	1.81311419134629	7.40468347308452	0.31173560197927	3.43966302719111	0.957988866736314	3.91724078377809	6.27970528744939
TCGA-78-7166	4.0541191327208	5.09381789797939	5.49238839716739	6.51114382659125	0.0418036876570852	3.43550858670081	1.39703624087218	2.21204009797664	6.36933735422295
TCGA-86-7955	3.78121281346	6.19816408760767	0.183581791117823	2.65379379296927	0.0886843715333915	2.22190800668428	0.182819401612206	3.14489476425503	7.00821122096272
TCGA-86-8054	5.18635396705661	4.62967135557318	0.508225798898102	2.59220585191362	0.267356011783888	4.26353775847133	1.78299558881353	5.57523063213659	7.46574514916123
TCGA-55-8089	6.43201399874257	6.78156298805005	7.02745155898089	6.69111536525274	0.212008960113565	4.82598909619666	0.699818115614858	4.1310461490709	6.50269498514813
TCGA-91-6829	2.31492849816808	5.44594846624204	0.362217377487169	5.66637598826858	0.369829380153929	5.93734674641568	1.55870845822417	5.4903166097109	7.78523927684551
TCGA-97-7552	3.31052917108322	5.02182614583229	0.382169208768249	5.8242408728694	0.416083074208358	4.33955787209174	1.74850416971751	4.45659590512621	6.23192579275008
TCGA-55-7911	2.00977712161153	4.91424399529158	0.635150724032634	8.69644284606275	0.534758869344362	5.4567962947225	0.675906237894523	4.16733383979743	6.87795278773103
TCGA-38-4626	2.19115201793431	5.08213626466225	0.397036240872176	4.63212859309436	0.928654569900175	4.57350177468087	1.99421764740599	4.32808965331309	6.96464352761517
TCGA-44-5643	2.81054592947801	6.54681730835732	0.291485685973561	1.26050747780475	0.359746046905471	2.82881434397624	1.06619254401226	5.94508326388049	8.70577889553821
TCGA-86-8279	0.755314904045098	5.5323418976659	0.432318066949524	4.97067422638923	0.543396895807572	5.15756926002408	1.82374936030827	4.68058878918782	8.2046136908993
TCGA-69-7764	1.66088299300395	4.76918989006193	0.533563348214512	7.26173953209173	1.13198450875653	3.41844634429828	2.82688401786578	3.90800584859788	6.77967602440274
TCGA-83-5908	3.76273149901536	4.87098605440005	0.735782098933289	6.32683212711679	0.407624675566609	4.89081145481768	0.449217992139896	4.3036273395357	7.8393543497227
TCGA-62-8398	6.41822537383899	7.6972685487806	7.34073227057996	6.97701311474698	1.3980219501812	4.98428400987918	2.70869490469849	4.60880332997881	7.43563442748836
TCGA-55-A4DF	3.64578234396466	6.41478500555284	0.487383443036506	7.11620566384117	0.415326009436968	3.69660593807134	1.06667476272446	5.30711882256268	7.37385002141673
TCGA-05-4244	1.16420702470075	4.86869664134967	0.325846898238815	8.00473451920902	0.615133757514428	2.40887486820896	0.935082523318662	4.95667468509346	6.66323074786037
TCGA-55-8096	1.30550364826776	5.71399542885071	0.646531349989159	5.65889981258883	1.51813223594503	4.70585076203475	3.38616255349614	5.12844188668221	6.66864817852114
TCGA-97-7553	2.22162965235098	5.23274133059305	0.498863563618952	4.96530869399496	0.404576190457916	4.91751291067098	1.02502879449152	4.40145298561217	6.46304857328296
TCGA-44-6777	1.45843450302034	4.83561590269604	0.275722256160748	5.87335797889698	0.461738086020466	5.35955630968791	3.7609022061272	5.42793127885047	6.6399194795813
TCGA-67-3774	3.41318786108004	4.89189546978889	1.04369446122598	6.77651067597217	0.73768676140986	4.04656963621545	2.60326432775439	4.6473202664991	7.97514980404414
TCGA-55-A492	4.84483253400181	3.56649857859576	1.10124665668344	6.89799183524589	0.45090770177264	3.33671184751443	1.28309205817505	2.93800343645877	6.51954662213822
TCGA-67-6217	1.39960862217251	5.19757842750099	0.499986164421874	7.74192938369285	0.784420224617784	4.91604185956213	2.04288943467718	4.7250976342611	6.96512164694605
TCGA-55-6985	1.93122918906921	4.85647781953696	0.553163870509497	5.81026571240193	0.254835882785763	4.41097872391405	0.996388746447621	4.44588558172038	6.39278965635932
TCGA-78-7542	3.83363900870948	5.66666287046203	0.372729270659724	4.9793211517592	0.0321008431670241	3.88956115293006	0.238297727512287	2.41538009866899	6.55564899639903
TCGA-86-6562	2.09831848741411	4.76084367300858	0.432638772750753	5.58900239643808	1.15775517797959	4.46617029216868	1.3525325566729	5.3717853549232	7.54633501779378
TCGA-97-7938	0.932817102741851	5.33540822077576	0.5554235315619	7.72221599031269	0.759326304678515	5.49643678325542	2.97839700706617	3.92215026532141	7.13798604913052
TCGA-97-A4M0	0.4736310765512	5.29717307088664	0.917087988285368	8.03619834425649	0.591775146675388	3.54253046431142	0.921740986079501	3.97796675761948	7.41250549037459
TCGA-05-4432	2.52130205560918	4.49784225886096	0.486971744370407	3.8829853431688	0.218967110048957	4.05479639320201	1.68347189285523	4.86701180098666	7.6305277878242
TCGA-93-7348	1.37033170158454	5.40741733783233	0.573180602789373	5.35514315714721	0.667301759434138	4.60942994101555	2.00291850346934	4.81203607817551	6.55003411039468
TCGA-55-6984	4.90025821243475	5.12834289793202	0.659559272910899	6.53220161393425	0.466131128762188	4.19519796607709	1.19345636574959	3.26918279585539	6.66953564540459
TCGA-69-8254	4.3212137840356	4.58258610902383	1.11156554495952	7.48983592120931	0.669752467255762	3.99545738329239	3.81756186492686	4.22882638484891	7.50962855048344
TCGA-55-6712	2.79408309830829	5.4366182739885	0.637100124056332	6.13467068487655	0.679874147746623	5.09884060803117	1.14613382889338	3.74297630731092	6.84620369482552
TCGA-91-A4BC	1.03132461259975	4.23633953916837	0.561008354138078	4.53472152430104	0.590242708062591	4.92592348524002	1.25229454120184	4.18302592188775	6.13923617607857
TCGA-MP-A4TI	2.14225004299946	5.30116692114023	0.966504298326037	5.82332902245286	0.942383132004607	6.14033081103295	1.4430230906208	4.25787054615392	6.56865387451089
TCGA-93-7347	1.97066962537909	4.88314179329301	0.27667531650318	6.87483753190669	0.613531652917927	5.23261471259677	3.61071187196725	4.87881360700137	6.92560547106294
TCGA-50-5936	5.26412352994507	6.48912542875463	6.64053561541126	6.87123130935942	0.308710351168077	5.28994509705831	1.9125349045369	3.92696721817404	6.55270905442679
TCGA-44-2657	1.21449786790052	4.10446247075686	0.439676323490687	5.61930442287334	0.391107799974578	4.77757226225894	3.83178605674152	4.58210433746144	6.19417374993436
TCGA-49-AAR2	2.3732027374393	3.73193263995936	1.13356352574111	5.10212478986355	0.613154428431299	2.44503802815628	2.20604927145495	3.10874189007963	6.1082296150567
TCGA-44-A4SS	6.25614640239286	5.93460141900428	6.4016338794664	7.40996365723889	0.425459304765355	4.81058705767919	2.21552329276571	4.09384746966962	6.3634129080592
TCGA-55-8505	6.33993905538556	6.36953627852947	6.98231255316045	7.16951517777243	0.750263475638021	5.29534099768018	1.66934430494167	4.49750379218507	7.59460900890969
TCGA-64-1676	0.674641429085825	3.06916939144199	0.166458371722533	5.34111759260469	0.245373962618163	4.47737295673996	0.34414674773333	4.13941219212318	7.16776635784345
TCGA-64-1678	3.88355239416666	3.50235606381114	0.574731262662845	3.23594145718231	0.0278617753545096	2.74155327586038	0.725959234509188	4.76840137449168	7.060209548009
TCGA-44-2666	4.54890126701236	4.38183888535113	1.06259066306364	6.71268935714641	0.40130841257735	2.53147864493462	0.729662645358865	4.10950013712784	5.43275127294504
TCGA-97-7937	1.01692414425782	5.29782236592838	0.189033824390017	7.06150080660698	0.872946927667934	4.61064691669221	0.70734808748327	3.50427715539926	7.3815490074629
TCGA-55-8087	1.08787013294106	5.22043443812955	0.43648169189106	7.58519466577277	1.15600822110713	6.60546173891182	2.19846272203218	5.11197443310116	7.70238396496609
TCGA-78-7220	5.06627005431943	5.54322365113118	7.14403004944475	7.18161841684183	0.853915827815345	3.29434137197501	4.57555437330874	3.4494293141032	7.709930910144
TCGA-78-7167	4.53439782675858	4.82485439188755	0.395282204132233	8.35435121564816	0.207892851641333	4.67197266075006	1.6351042776266	3.10080949165016	7.60188590233828
TCGA-55-A493	2.49659017442095	5.33494005637709	0.752748591407134	6.91497345235705	0.730574747887632	4.28549099736392	0.233397264101883	4.14022240761707	6.8929483231628
TCGA-55-8616	0.871212824257514	4.75244353832238	0.408168370708106	6.74250211943652	1.33708307631079	4.66868079479413	2.23771666769931	5.36636418294565	7.78144561689909
TCGA-55-7570	6.21866881605124	5.34023110901079	7.3154457712672	3.89226472384938	0.149779630575903	4.07461675113093	7.41374384766363	4.07498488495381	10.6562216738876
TCGA-75-7030	2.254321924845	4.99244215630514	0.405447843707535	5.36303437213289	0.301587646603187	5.61099823081136	1.44318226699222	4.15984712351158	6.48398502206215
TCGA-62-A46S	3.28472140212484	4.81109592216077	0.644594660603256	6.13594727909502	1.42320164970806	3.57632863692556	1.40925514668484	5.18708281098992	5.71799439776072
TCGA-86-A4JF	1.2417181745967	4.4356085935201	0.182310918025696	5.91532250459221	0.832363460948302	3.60145882061735	0.584096623907595	6.49181141787091	8.23127111005825
TCGA-05-5715	4.4994568649254	3.93642122404274	0.41153471496007	6.49413715746571	1.29372360990493	4.0995476959595	1.55267217116222	5.60070387658489	7.92200810153648
TCGA-49-4488	4.72780612325621	3.13277423327633	0.30170469621916	4.95788210513552	0.528671328925277	3.3977208326724	1.1145669226556	5.77120948686647	7.30611456448616
TCGA-62-A46O	5.09808684114916	4.4070807754505	5.54713206068073	7.40876959484525	0.638027484788198	1.93122918906921	1.97136881058266	3.6022074300128	7.29782970092616
TCGA-86-8280	2.36929896216413	4.86715516310752	0.793771058544224	6.0711298071583	1.12108173024304	5.7460466710805	2.40659108996493	4.41072777973439	7.33036568124879
TCGA-44-A47G	2.17734378828173	5.12525847253797	0.413160775590814	6.94178006875896	0.433279970557258	4.60090602631277	1.58313392866242	4.35664387661479	5.49421077668532
TCGA-62-A472	2.10748701611672	4.62610032642098	1.07778988864367	7.60351285345741	0.885574364371426	4.25806659831133	0.867580222202505	4.41115503695776	7.29046679641746
TCGA-J2-A4AE	4.37490036970135	4.39656368305229	0.597030524030247	6.43833111443191	0.495592840198345	5.53523493392881	0.53166841131515	4.57917411274371	6.88102828377025
TCGA-67-6215	1.31568215133793	5.51226797934575	0.389016059688509	8.22050795884381	1.10587918307446	3.11819358383957	0.761370385602633	5.34209600816857	7.54897060047176
TCGA-62-A470	5.20851725980554	5.20630329423881	4.75707659962745	6.87188799296225	1.08413231483641	2.75373288422198	1.32290879411521	4.24906603385587	6.3294860189223
TCGA-69-7973	5.58363942376405	5.41257492745378	0.229710961847024	2.96726084851222	0.653151759500124	4.49868488746961	2.25420096695095	6.08889421793101	8.85204847885522
TCGA-55-6543	3.66285490811	4.88806617996778	0.512884231408408	6.92405355328725	0.402722176845605	6.96767355466413	0.688135588457335	5.02099993376911	7.14212135650997
TCGA-55-7815	5.2511547786815	5.26577067570285	4.11627325445056	3.50530662152682	0.229464873140092	2.1822155573981	0.150819598212133	5.60799010335614	6.40454213081282
TCGA-78-7147	2.55755713389812	5.07232450401873	0.309176187478514	6.7134525044815	0.27988725484113	4.81308339929086	0.496308944824728	5.34352508092247	7.98295707918029
TCGA-78-7148	5.89972668887975	6.07602670811252	4.87142970120723	6.15127028879017	0.226631831807891	3.89002831855828	1.6416847430957	4.06760430102973	7.57606555488402
TCGA-4B-A93V	4.12827690165837	5.35257845936215	0.221938931628624	3.81938206829185	0.434027674663597	2.91052161394757	1.01449812699935	2.96203070710522	7.0447012058451
TCGA-35-3615	6.6065429053071	5.50215872081881	2.68255082528719	7.31420617976232	0.0522767654523578	3.26931746704466	1.39022743684069	3.32054244242846	6.49018020354096
TCGA-86-8668	2.91226662806645	6.59724212953586	0.702834822211592	7.47997018616873	0.643579165731715	6.33826751405771	3.31992135377213	4.86642337272507	5.91608486610331
TCGA-50-5941	1.8837381037977	4.73971311368956	0.249141903280348	6.05754774828548	0.669933835668961	4.67049479985469	1.67491255290801	4.3502850704471	6.792915203188
TCGA-62-A46V	1.90873606441263	4.00124378816619	0.69278425663401	7.95443480074074	0.941256583853279	3.59438134010448	1.28776777797538	5.27858326720714	6.43008451294672
TCGA-97-8175	3.19421315631121	4.88706216929774	0.172231468825481	7.1242629889015	0.729182940685672	3.7498560225026	0.363675721807263	3.64846544302731	5.43369058819372
TCGA-69-7978	4.50970850820826	5.71202343091081	0.521151269637904	6.93306623708142	0.288063200325316	4.53395573779942	1.08106688049189	4.44430926378676	6.61085063025785
TCGA-05-4250	2.95367498444949	4.71206746586056	0.880724701783941	6.99206027615446	0.766807151302921	4.46381206620156	1.73370141345868	3.63587045217971	6.47766275808491
TCGA-50-5044	2.97900097062006	4.48834147408223	0.386921282217817	4.62737337344092	0.0647449200353551	5.00800723755833	0.329869872317659	3.8481471794618	7.05907617843403
TCGA-49-4510	2.54505404319213	3.94853543885205	0.446891405292056	4.99661923382173	0.737167557334839	4.11834311260267	1.84502831464954	3.41028682612724	7.83203553384178
TCGA-44-2665	5.13326060327623	4.55187951094244	0.971304168055832	5.41988561890898	0.61199080088982	2.85135018354278	1.10860464640795	4.02150266333779	5.06740676300373
TCGA-MP-A4TK	2.04099760506641	4.84007544172708	0.944933389057907	6.53646637210632	0.688941238301	4.91731240109503	2.76028482822741	5.24586830583786	6.64692586217005
TCGA-78-7146	5.99085958493705	6.14966990277414	5.82102645636803	7.16643929024153	0.577344227730909	2.41640740896357	0.588228908948105	4.25837570336124	6.97648507731315
TCGA-44-3398	3.05954563988226	3.16030710610442	0.454912848380155	4.60028759675751	0.221567788538409	3.80385730273702	0.844867676074509	3.80101375835429	6.32819559473652
TCGA-64-5774	4.74323488956566	4.45485364267415	0.151079473028812	2.29918603429535	0.0695646950933593	3.96907679435913	1.16227449845953	5.43138895405231	7.17025157460475
TCGA-55-6987	2.25525900482865	4.75305358000306	0.519541904578437	3.31853377164753	0.185232254230161	3.64195057433768	1.48779502425059	4.21347949031532	6.52811180858738
TCGA-93-A4JP	1.80541628677034	5.72862257674081	0.955387205602525	4.81743907191965	0.909965066757968	4.02772910357504	1.23670690199535	4.12821090236557	6.99518939198014
TCGA-S2-AA1A	1.47108338485376	4.50561150750599	0.471759741653384	5.39221436945246	0.925543758698493	4.60174405095456	4.30277233549749	4.31352159209267	6.21139579653604
TCGA-55-8299	2.7099743199741	5.2885837349928	2.63957947979573	5.53915881110803	0.292663973396858	6.40272899743766	2.04956107062848	3.77931225747261	6.55556771041749
TCGA-MP-A4T4	2.14041875498945	4.73167745378361	0.455964988917518	6.32283490434596	0.43648169189106	4.62685961809954	1.69483563010198	4.43242497680476	6.93323269624094
TCGA-97-A4M6	3.13157302262946	5.79293602028444	1.24184018356467	7.87205427252236	1.28835856219366	5.32152047595943	2.884187617615	5.6110867838956	6.56362186645222
TCGA-44-2655	5.39892492579792	4.88609161153608	2.71995004506856	7.24051182763586	1.07819991992137	3.96171592448356	1.60970769091829	3.93730672338064	6.45832129996257
TCGA-50-5930	1.94347129300359	4.7651315840689	0.288181352329059	4.87975967032094	0.0433445048771692	4.59176318080531	1.32734245560982	4.27892145126465	7.20147801816609
TCGA-95-A4VN	2.19613488076516	5.14593825784305	1.33753984219742	6.67744481641094	1.04159344865918	4.1426911666968	1.99761758715098	4.34023467027549	6.7059875748927
TCGA-86-8055	3.04266184573722	5.47676726207129	2.53540602987803	6.74756866509888	1.03611645321765	5.47453338781159	4.56769146201975	5.13309904652477	7.12182461709468
TCGA-95-7567	1.28291420019037	4.62611201085861	0.271664710977234	6.34497581192723	0.580048979855239	5.06012522482753	1.61781565367462	3.99981965184789	7.38250990326248
TCGA-93-8067	5.81297818814248	6.62422520910012	6.41308459492597	7.33719014379128	0.198619873219215	3.49877422831038	1.86492897228979	4.35145872332158	7.5089459586453
TCGA-44-3396	1.78232468487032	4.48525292041179	0.225891861690341	5.53231072468213	0.165300974916865	4.42809547984178	2.03403959435364	3.76965538818354	5.71755853532981
TCGA-05-4418	5.2546204962307	4.62072715432213	5.05605889542717	5.33514020631421	0.694924754119974	3.99903487494173	4.37394743687078	3.19263606107021	6.13864042758277
TCGA-05-4430	0.99660567676017	4.75324617116483	0.432959407276106	5.84337086985243	0.641361056327364	5.29553937040683	1.11316705673273	5.06068296358396	6.91102520005245
TCGA-55-A4DG	0.555619856668128	4.73932967601558	0.552180304176821	8.4034321979249	0.766976720536884	4.03396033289565	3.28279561601795	4.40363584896129	6.6957127050938
TCGA-O1-A52J	0.110897723329813	5.94659753099428	0.796763857904443	7.67946743188362	1.0152120850685	5.35993927212775	1.21586493915324	4.61241737728341	6.76249100499782
TCGA-49-6745	2.02927618237063	5.50513191823216	0.206768235468322	6.2829197585843	1.17165519758119	4.43344690239377	0.832363460948302	4.55361239998331	6.86078282209294
TCGA-53-7813	2.09808262905459	4.0143285100235	0.812703576560284	4.1352229197224	0.0874628412503394	1.99931455704999	0.340960984518863	5.12797575534435	7.1895290725828
TCGA-62-8402	4.75916648882031	4.75754602202356	0.424707145564151	4.45604386853413	0.583133928662418	3.83569168869103	0.844947997597837	5.25801758776962	7.1965126237904
TCGA-78-7535	0.75086372321934	4.41746099363677	0.0976107966264223	5.36905113429335	0.493339908813507	4.5516821179427	0.248534836138679	4.21584164765128	7.22022449651917
TCGA-86-8075	3.53671191209092	6.13658925401709	0.719840555064268	6.49024439628632	1.1104300641863	5.47093701593131	1.77150531594949	5.27349351059823	7.31132055097181
TCGA-55-8510	3.406645507672	5.35006932553884	4.4317432907039	7.39249860702822	0.650213105313581	4.31859884438117	0.975996957616443	3.61593414313323	6.68689686370508
TCGA-86-A4P7	1.4253518774567	4.7648556712547	0.414676780426886	6.76003194636032	0.904426292601507	4.12483265914443	2.35250430813818	4.74968979146529	6.42803516328191
TCGA-99-8028	0.778460920807247	4.31250544606275	0.347665656300971	5.14412796770733	0.459956139654124	5.38460936444694	1.87609451272991	4.56082498634084	5.74527229635097
TCGA-49-6743	4.36497857081482	7.48320875048917	5.98619701823597	5.61413854154799	0.412727338591643	3.85433483020201	1.37200484431215	4.81249822533356	7.80865984192857
TCGA-86-7711	5.69618860831666	6.81073870778861	6.55145757037635	6.70795541482678	0.253505262186697	4.11407545780981	0.664391815724071	4.695798991598	8.41815916045111
TCGA-91-6847	3.12779833836582	4.90465268346483	0.220453786049186	6.10078636865706	0.117030053010187	4.51968027992198	0.664664872418534	4.40294723935938	6.81094816435165
TCGA-MP-A4TC	2.63777252000544	5.14086452793192	0.712815854437372	6.54282449046767	0.372729270659724	6.62146583446014	1.52867132892528	4.69014328156787	7.67928162731679
TCGA-L9-A743	1.36994102225427	4.98278371287986	0.551392968027454	6.91922446196396	1.38416035390382	4.94566388180099	2.54245617453681	4.94926878025676	6.19754304444313
TCGA-64-5815	1.56257214540658	4.9896976255585	0.307428525192247	6.64141452745277	0.340163443311091	6.02883432911892	2.40397662321088	4.39187767727787	6.50283339490809
TCGA-97-7941	5.34956697468286	4.94424470147812	4.2658719194337	8.29583917371024	0.350157749484993	5.23728836856192	1.77972198120707	3.4810663967437	6.89611681616172
TCGA-73-4675	7.36807948282301	5.36386491806518	0.502941568004458	8.02781589441086	0.320888980331776	4.24475008790256	1.64547110403725	4.4997247274951	8.0051944833866
TCGA-95-7039	1.15743182700419	5.15826834885319	0.400975043673087	8.01366603167283	1.40239475050062	4.22069367869807	1.39297678981075	2.88031329522563	7.12317782211199
TCGA-78-7152	4.58501660077082	5.08271961820804	0.198494153639083	6.18295443744555	0.300065136778761	3.87332106291482	1.56252330257827	4.02345940912283	7.56807619996185
TCGA-50-6673	1.63983412546595	4.74383806798219	1.88670621136873	6.1001682167505	1.78026809857638	4.40706037520671	3.68423525922052	5.17254751987899	7.64687259492731
TCGA-55-8097	0.877037450698698	5.99850919653527	0.491186096458927	7.76912111055919	0.544287539960288	5.74915879631265	1.53301506976297	3.5081243613842	6.56941513945401
TCGA-73-4668	0.955089573946224	5.65534324111652	0.254956787461375	6.59769503981907	0.263034405833794	4.99749113716015	1.81594425260496	4.89458982373267	7.24306637250284
TCGA-MP-A4TE	3.7516351033279	4.83245967251946	3.60915213762967	6.24058337831969	0.285343030159256	3.06441727974377	3.54111830402469	5.06126641287443	7.41472328440546
TCGA-97-8547	3.34249785574996	4.69713438251739	0.13842131042025	7.38967865759135	0.740020870203383	4.1540160514264	1.05053652370208	5.15739140303606	6.83474786917653
TCGA-67-6216	2.61254122819544	4.34782862345153	0.586788758053994	7.57649644006413	0.160016607845905	5.68328379574064	1.06591691807821	4.08571357425426	6.17278551262786
TCGA-97-A4M1	0.649201558887861	4.78829940914169	0.719752957077606	7.35297298571422	0.871843648509318	5.84501576540495	1.08841300972673	3.56170493929238	6.71537038115826
TCGA-44-6779	4.36574152193677	6.22793934038175	2.84579110371371	7.22832616652638	0	3.94598218599746	1.51475349843975	4.01819795285966	6.63325827421565
TCGA-73-4659	5.117038367273	4.92891508035272	0.284987846937843	5.56741767294101	0.460585313253668	4.79117330979081	1.60611053597222	5.96437090557466	7.00319743377913
TCGA-64-1681	1.57874553597116	4.86234227997756	0.292428392886718	6.27353267380222	0.774333758171041	5.05447950960616	1.45480759211185	4.61342556850001	7.27032523141962
TCGA-50-5055	1.23468524785663	4.0514852157156	0.535455799435292	4.43652833113425	0.333996118196453	5.3969506440513	3.08644410868531	4.26698138504889	6.43716114325472
TCGA-78-7160	6.99905630411796	6.61220651139009	7.00765972688415	6.49637286545606	0.632733525950535	4.38931211506167	1.28083756861177	4.42818930058955	6.64544516434551
TCGA-55-6980	0.824727127232103	5.11426290059406	0.584481522206653	6.13701161204174	0.803723006774158	5.0286177716148	2.03523679327498	4.83212037155332	6.72355173568457
TCGA-55-A48X	0.955982284771938	5.03169072791621	0.711230571893636	7.04765616566266	0.626953041770665	5.54678027415721	2.96727929600046	4.31420346018914	6.4769454339607
TCGA-55-6982	3.04903823505389	5.05620633222062	4.39996401628169	6.81988400965178	1.08052123183149	5.2825287659865	2.43017820443783	4.55366768848306	6.89470501046603
TCGA-75-6214	2.59218192721787	4.99984670550799	0.155490197747562	3.15237814540104	0.233888060174277	2.89799546429458	0.142348082144681	3.18016377782968	7.1950660405672
TCGA-MP-A4TD	4.5417440368004	4.78609969659429	4.14213565557566	6.51286685354706	0.50182126542091	5.08331550233567	4.82520558409614	4.45693753623852	6.13803828741943
TCGA-05-4426	1.82436054228771	5.1179858792882	0.558659484412159	7.79071470418864	0.17976580835815	5.0559851713798	0.886198941486388	3.89795675397123	6.22252637965656
TCGA-69-7974	2.42685513232421	4.90410350377001	0.700617269681639	7.30834540164918	1.05942450316481	3.44064662252151	0.736821317448161	3.85812028309704	7.77721651398301
TCGA-69-8253	5.59219089902527	5.23138248468296	0.313710226150914	7.60190595350301	0.0614306004977481	3.77189613993382	1.67716993881825	3.10297720208221	7.53331960809459
TCGA-64-5781	4.71587141155186	5.74014773316457	1.23161672738537	6.6677332043566	0.0255958358826835	4.71144534757228	0.937419726738949	3.40247661405378	7.63242890997916
TCGA-93-A4JO	0.488412175995732	4.73874622322944	0.563158130402808	7.34041628311961	0.865839652158662	4.30250915535715	1.55851255300054	3.56609667127324	7.58364544049619
TCGA-55-8506	1.42926780088509	5.33448961746791	0.190678065617533	6.72481532100931	0.814919509305519	3.84602186830001	0.6535186707536	4.94737627967668	8.40784727553649
TCGA-44-7672	1.03484957291691	4.91416744070851	0.296428039234348	5.08870132995169	0.0248869993131795	5.20248041201281	2.31446451583938	5.19894983500242	6.52188934237338
TCGA-55-8091	5.24449513461341	5.28816658385775	0.329295848102515	6.86216743663476	0.298306395806486	6.74237815827401	1.35895882583233	4.58224888582353	5.73675368276945
TCGA-05-4420	2.38915376741933	3.83790288622057	0.372840688587793	4.14535138557262	1.0830431287018	4.91028174924386	0.482641800308575	5.29736752321766	6.3714508306777
TCGA-49-4514	3.86885464859647	5.03641981149875	2.6407365981132	4.70020664857836	0.228726355058498	3.42343026362901	0.464772806334738	4.81065388850553	6.99469285458561
TCGA-55-7913	4.39698145949187	4.23733426383753	0.258820396876412	4.58660263368129	0.692516471010802	1.92276872291713	0.35772089561481	4.50522403715139	7.88329944852044
TCGA-55-7283	0.997473071970961	5.22137444702445	0.170950553318368	7.68991483066555	0.808261474053946	3.25530433197385	0.310456462295282	4.55379668674322	7.16295822421059
TCGA-78-7154	6.53919914395399	7.3996504880469	7.81903776071775	7.23491799722497	0.30170469621916	3.14015695255418	0.580820835710413	6.54649785711619	8.48441771491089
TCGA-49-4494	3.54754853907804	3.78031009904338	0.0686020273786715	6.32742330095363	0.284514133244245	4.28054808618683	0.961919615198884	4.41169062519711	8.10616246338517
TCGA-55-6969	2.4411912989402	4.44583924400303	0.415542354198697	2.83284951689345	0.122871469088393	4.75832449969146	1.50934114108036	5.27353453869018	7.1493122134821
TCGA-50-6593	0.767400556446066	5.62727413950665	0.672108480031304	7.67104846723533	1.29613432498001	4.82027598996926	1.73417850232769	5.08883699012231	6.97519796413142
TCGA-78-7155	0.614662734936576	5.33254324937338	1.77479759980041	1.54275331068523	1.70593368046715	2.76742174497336	1.10346406874751	3.1431811459981	7.51024909614958
TCGA-J2-A4AG	2.95540580554246	5.96715938311029	0.402831302449143	8.26616248697925	0.227741075839128	4.92694824794977	1.73244287693759	4.2506811906353	5.96789023576536
TCGA-97-A4LX	0.774165051506417	5.11762855749539	0.556502989181201	5.52640064345562	1.1600166078459	5.17390295348961	2.79582927485084	4.83535820053036	6.40226171231854
